0.46150804	-1.2468638	0.046374716
3.9216495	-1.251645	2.3355122
-0.20369193	1.5479158	-0.9803781
-3.148429	-2.2961054	1.0912076
-1.4426823	2.8720582	0.1755128
0.7576846	0.8546087	2.342854
-2.8763993	-0.57146555	-1.0213081
2.0121868	-1.2415107	-0.048274837
-3.4335797	-0.27938607	-0.6120246
-1.1409237	1.8547218	2.6533237
-0.59864837	-2.524801	-0.70568115
-2.425837	-0.9017548	1.1803455
1.0350479	-3.2669017	-4.1593223
0.95270884	0.6000895	2.2948563
-3.4195826	-0.8568106	-0.48193938
-0.45997226	3.4200583	2.0391297
0.36439475	0.0028412712	0.49347115
-1.4932944	-0.95940924	2.7608163
-0.85416394	-0.7646322	-0.6559713
-3.0490737	0.35664952	1.3080345
1.3602409	1.9723629	-1.1724018
4.025589	-1.4930403	2.1073947
-2.511184	0.8390587	1.5194149
-3.1771858	-1.9854085	0.95070696
-1.0727171	-1.115654	1.073609
2.9483826	-4.1556334	-0.5954235
-2.3420033	1.6976297	-1.2547996
3.0768566	-2.450213	-1.6826481
1.4359328	0.80517966	-0.9844496
-2.5230403	0.5334757	1.2603847
-1.157065	-0.17920962	-2.4397273
-0.8644053	-2.4736123	3.3429973
-0.07850644	0.34676227	0.17287412
-2.3550887	0.7733006	1.8381122
2.4197757	-1.0107962	2.8736546
-2.3479571	-0.74330014	1.4361844
0.21628389	-0.90526134	0.8318247
3.67517	-1.0384426	3.5978248
-1.3001093	2.2840548	-0.8043594
0.99094135	1.1217418	1.5700527
-3.9183996	-1.3091662	-0.07918547
-0.6657326	-1.307528	1.2274318
-2.9179618	1.40799	-0.6978561
-2.6438391	0.048696738	0.65607345
-1.9390118	-0.07240787	-3.0519598
-0.9451438	3.3784845	0.1669613
-0.8970616	-0.26231575	-1.3116099
-0.9839201	-0.5995345	2.5913217
-1.0826029	-0.19848035	-2.7894297
1.0219306	-2.9604292	-0.37241066
-0.3504773	-2.980707	-1.95943
6.4796276	-0.4946614	-0.4326468
1.0619019	3.96455	-1.6150944
-2.9411407	-0.50262636	0.5769082
-0.6441536	3.2084196	-0.65139407
-0.6052331	0.6477932	1.9692523
5.159572	-0.06912705	-1.1014524
-2.0856178	2.362141	1.3333842
1.1057864	2.4649246	-2.8641007
-3.0659716	-2.8608963	0.8137962
1.7006375	1.7002288	-0.26517144
-2.3821125	-0.12535551	1.1111001
1.08657	-1.5006611	1.00767
4.702201	-1.1193852	1.0423279
2.266	2.0167584	0.633981
-2.3382795	-1.5014294	1.2727395
0.94700825	-0.9324139	2.01973
-3.7194898	-1.9861811	0.5192598
0.7274203	-2.0859807	-2.099804
4.836882	-0.7116382	-0.5120869
-0.94706476	-1.9975325	-0.7290966
-1.5488876	1.6421924	1.735484
-3.6630259	-1.090776	-0.004057715
-0.37615624	-0.5291139	2.5219533
-0.24419928	-1.3851968	-3.130619
3.2967193	-1.7187266	0.90218073
-1.3997794	-3.546565	-2.6885247
-3.434195	-2.77025	0.7646313
-3.5329452	-1.828547	1.3857114
-1.7145565	1.0775219	1.9912964
1.9745724	-1.6534365	-1.7541578
4.1772985	-0.98377633	1.7234061
3.960826	-2.2476773	0.256987
0.83597755	-0.12713084	2.3635929
-1.0568292	2.7026167	-1.2668526
-0.71428716	-1.4559938	0.521238
-1.0785553	-0.076708615	-2.8195908
-0.5124361	3.5982301	2.3835635
4.5402756	-1.4217383	-2.600688
0.3293662	3.4619408	2.651409
2.1708267	0.8040385	1.697568
-0.5110949	2.573282	1.4931672
-0.6982735	2.2127955	-1.3163966
0.6371959	-0.8933747	2.2377877
-0.78227603	-0.56591606	1.683743
4.8423734	-0.8371834	1.5411274
-2.5287116	2.3232622	0.34074855
-0.5166107	-0.5563506	1.8879548
-0.6629039	-1.7516295	-3.8072033
-3.650009	-1.4767672	0.4004457
-1.2214675	0.57078516	0.39082655
-0.11516023	2.7822478	0.4597294
-3.4361413	-1.1331549	-0.18210188
-1.1775655	3.1075773	0.8474027
-2.8403037	-0.09573049	-0.70333874
-3.4626791	-3.1479268	1.3403537
1.8222187	-0.42878446	-0.7343199
0.97429985	-2.5224729	-0.29884523
1.6851659	-1.6660515	-1.6672611
-0.7278411	0.67305464	-0.040989142
0.2908759	2.3359258	-1.9702542
2.954339	0.80345786	-2.1409187
-3.9306092	-1.0281457	-0.06463628
-3.0967607	-3.454133	1.3701851
5.326035	-0.123972826	-0.110908575
-0.56534475	3.2385323	1.6264002
-0.1544375	4.023171	-0.40551612
2.4490328	-2.3593864	0.2324264
3.0485344	-1.1498348	-0.25282842
5.343766	-1.4997698	3.433742
2.2767336	0.8015006	-1.6982712
5.927364	-3.16512	-1.7381215
-1.36908	-1.9023432	0.8568432
-0.6220408	2.8305707	1.6897312
-3.6750824	-1.3365858	-0.28382874
-0.83639735	-2.1999464	0.9915707
1.2187346	-0.13640499	-0.37157795
-0.9423146	1.2843335	2.720385
-3.6398356	-1.7215717	0.24928242
-0.35369956	-1.6506948	2.759973
-1.1665751	-1.5060061	-2.5799987
-0.24257708	2.349631	2.7377422
-2.1073184	-1.1681379	-0.0558338
-2.8791635	1.3841771	0.19612354
-0.9150525	0.61986446	-2.9036512
-0.0031347955	-2.4689925	0.29620096
-1.406533	-1.8041444	-4.034366
-2.169167	-1.9876618	2.265411
2.115078	-2.6770618	-0.5898
-0.86485815	2.1150074	2.4556165
-2.6532607	-0.003947661	-0.49448377
-1.9999101	0.31316453	1.7464414
-1.043494	2.586265	-0.5568566
-0.9623859	0.489492	-0.1729325
-1.3548374	-1.1343274	-2.2710545
-1.4967482	0.055244558	2.0964055
0.17210183	-2.496377	1.9049069
-0.55003774	0.8371233	2.4571207
-1.554103	1.2366049	0.81638193
1.2609316	-2.2528286	-3.9624703
-1.2734853	0.59415966	1.2908968
1.1721128	0.853573	2.1585197
-3.4781754	-2.2905676	0.31557
-2.6793528	0.9435876	0.658466
-0.22573179	2.7643044	-2.1666555
0.6216405	-0.020836847	2.9766905
2.952745	-0.2902821	0.08416589
0.85985565	-1.8395267	1.322189
-0.1230531	1.4441935	-1.9947661
0.7774632	-0.19418119	1.1409367
-1.2143266	0.43074173	-1.3470745
2.3849266	-3.7490623	0.51809186
-1.0878012	2.8433576	-2.0428848
-1.602126	1.0472461	1.7283813
2.4380028	2.577375	-1.6999959
0.48652843	-0.52779627	2.4221582
-1.3819864	2.2047265	1.767233
-0.39085963	3.0063794	1.7756492
-2.6011403	-0.46330184	0.62202936
4.006776	-1.3150938	0.90717685
-0.7401873	3.3701663	-1.5918572
1.5188868	-0.911178	1.0446103
-0.0140850395	3.5183773	-0.7429825
-2.7030451	-0.92786354	1.144439
-3.8726466	-1.4109906	-0.19321454
-1.2769154	-0.7881308	2.0093725
-2.0527766	1.6459283	-1.5900812
-3.6268754	-2.1900556	1.5720544
1.4351387	-0.03123685	2.1169844
2.6785634	-1.2121873	-0.8322912
-2.8384283	-1.34488	-0.25403798
1.036282	1.6957306	0.597242
2.1240785	-2.3616116	-3.3363187
-1.1452401	3.7263863	0.350223
-3.2562208	-0.7883641	-0.69188786
0.2902124	3.0946841	1.8670435
-0.33736184	-0.3715371	-1.414633
2.4261992	-4.5192757	1.3249605
0.6487697	0.78537315	-0.78293544
0.5484651	-0.2784045	0.53188556
0.21428823	-2.7945879	0.35427755
-1.6006672	-0.26709726	1.9469835
4.756048	-0.63757676	1.2482495
0.0023597747	2.7701724	1.8100615
1.3698943	3.5640507	-1.7463635
-1.3283662	1.0902427	1.6893157
1.3496778	3.775671	-3.1621852
-1.7185423	-1.9583492	2.0720813
-0.8156017	-2.506579	-3.5690417
0.17486526	1.5594978	1.3899311
-2.7754593	-0.44029084	-0.21092603
-2.954676	-1.8317167	1.1893156
-0.9822861	-1.2317754	2.5239787
0.7243938	0.3694358	0.26918945
-1.0953131	1.2196672	1.7945714
-3.0340414	-2.9883497	0.9459281
4.231403	-1.5644796	-1.921319
0.79258096	0.8859775	1.3508456
-3.8809667	-1.8177462	0.85037774
5.0742464	-2.7298129	-2.7009761
1.0512124	-0.36164376	-1.609788
-3.804936	-2.4380836	0.83470315
-2.3321936	1.2234621	-1.3201202
1.51957	-1.205027	1.5252889
0.86230725	3.4322124	-2.4780476
1.1174558	-3.4367514	-1.1637688
2.3709946	-0.087887146	-1.8611497
-0.15324289	2.6591077	0.53332514
0.63301975	-0.33371794	-0.35387716
0.94416976	-0.92537504	1.566177
1.4380711	-2.8745384	0.5829854
2.9710808	1.2316908	1.3454183
2.8015785	1.8536634	-2.1963024
-0.38463956	3.2661624	1.704711
-0.032964125	0.32711118	0.8000401
1.1357582	-1.7409953	2.2386463
-1.5073779	2.6599312	-2.447238
-1.843825	2.0942757	0.43999323
-0.90200627	0.4857473	-2.387098
4.0716705	-0.75952685	-2.7275712
-1.5422958	2.1383338	1.3643681
-3.7481484	-2.6635993	0.59124285
0.4321813	0.27881423	-0.36129862
0.4363407	-0.54828274	3.1048145
3.468963	-0.57100964	-0.9345632
0.85400593	-2.7093318	-0.10588479
-0.10689113	-0.678444	1.3116419
-0.16974872	3.3817956	0.29217336
0.70847595	1.1320575	-0.21705514
-0.04977865	-1.0426376	1.3728635
-2.8644388	-0.554508	-0.60722816
3.084114	1.867402	-0.7396991
2.4877021	-3.7456093	-1.3808811
-0.25489068	4.3568387	-0.21342544
3.6919389	-0.5180706	-2.606375
0.22783749	-2.000381	1.9136692
0.660308	-1.195463	-2.125424
-1.721526	1.8209277	0.017559059
-2.4242022	-0.7386247	-1.339543
3.55156	-1.7180046	-2.4762986
-0.50662357	0.90302116	-1.380039
-3.9480875	-1.9500417	0.76950395
-1.483463	-3.0593126	-0.94815624
2.51611	-0.8109381	2.9728465
0.53081226	-2.4324093	-2.363303
0.2890337	-2.6598172	0.86420435
-2.773303	-1.7623705	1.1894904
-0.4676172	2.973153	2.1227193
-2.104472	1.3572619	-0.4415609
-0.41491243	0.20112358	2.4258807
-0.3890703	0.49656442	0.05660332
2.02224	1.3977058	2.3747962
0.046968687	-1.3827363	1.1809808
-0.21857956	4.125077	0.4750899
-0.6727306	1.6351091	-2.3561406
0.7202173	-0.6157031	2.250162
1.1224962	-3.033802	-2.5463238
-1.8276752	2.029329	-1.1960005
-1.9772649	1.5907845	0.18508674
-3.6036944	-2.8720133	0.7444647
-3.4582713	-1.3635451	-0.06749898
-1.5908513	1.964622	1.3859175
0.74194306	3.5401914	-1.0236006
-0.30871072	-0.99587804	1.276127
-0.7429618	-1.9642146	0.07203212
0.303213	3.0323572	1.4433296
-3.8758297	-1.2819875	0.048428096
2.281029	-0.70378447	2.291901
0.99143153	-2.4045422	0.32244945
0.5462529	-1.0554457	-1.2541474
-1.9775063	2.5089433	0.35057992
1.1399332	-2.420412	-1.2015637
-0.912458	1.7819979	-2.222161
6.671964	-1.9490883	-1.0603589
1.6285914	-2.0067687	-3.521398
-1.9757403	1.5404651	-0.23485887
2.3406653	-0.2573275	0.46704835
-1.8452896	-0.41086465	1.5737758
-1.7286122	3.002296	-1.15996
-1.1440588	2.5505457	1.1556902
-3.8556008	-2.353261	0.41200954
-0.8851808	-2.9641314	0.631568
-1.58883	1.085199	0.0730728
7.5885015	-1.9972023	0.8012787
2.035384	2.4806907	0.02578947
-1.0746111	-2.1087105	2.0611765
4.4126024	-0.7559221	-0.1520138
-0.17590162	3.0213144	1.8073314
0.8511174	-2.6008902	-4.4621196
2.0675802	1.3465898	1.5687857
-2.4432547	-1.3710655	0.5876798
-0.8074452	3.563706	1.2751771
-0.0659461	-0.40947077	3.1408625
6.645921	-2.073357	2.4783516
-1.8510237	1.5947573	-2.039796
-1.2909296	2.7006776	1.6588669
2.2135594	-0.858561	-1.2273792
-1.7058207	2.5276327	0.833972
1.8538449	-1.253311	2.100445
-3.404447	-2.8277447	0.38718647
-3.7689552	-1.1695921	-0.5397403
2.092917	1.2747734	1.8240092
0.3927106	0.10377347	-1.4786602
-2.1273575	1.3363043	0.515041
0.8103765	2.1626155	-1.4294586
-3.559528	-2.5524905	1.140525
-0.23856749	-0.6988207	-3.9088295
1.5716282	-0.2717409	3.291491
-1.268703	-1.5976479	0.029788658
-1.5840273	1.5723546	2.290794
4.4586234	-0.8477519	-0.05745371
0.29063788	-2.1619508	0.41432872
0.35431644	2.0988438	-2.178398
2.8606815	1.963062	0.049849864
-0.7631206	3.4208262	-0.027944073
2.415819	-0.66111916	2.7245562
3.6208913	-0.53336334	0.4208934
-0.88310903	-2.5345874	1.2643378
2.297129	0.35899022	0.9301178
0.023984522	3.642781	2.1302755
0.95575136	-2.475983	-2.325474
0.91738755	1.8131634	2.0453827
0.8811631	-1.0621171	-2.700765
1.6916482	-1.4442141	-1.4272003
0.4502471	2.6940777	-2.032844
-0.6615605	0.36072212	1.8675728
-1.4820341	2.1269207	-0.54198873
-0.13762695	3.588033	0.96545464
-0.28785893	3.3009925	-0.22375418
1.8979523	-0.72682977	2.1464553
0.56501764	1.6934662	-1.2456504
1.2420163	-2.669337	0.042036634
-2.038928	0.9077463	-0.26849917
-1.083152	-1.9946327	2.900488
-0.48222566	2.8748899	-1.7801893
-3.4599895	-2.304852	1.1824843
-0.3831992	0.31036943	-0.010747989
2.234374	-0.5896454	3.1113029
-0.2034592	-1.7752155	1.3092426
0.039580595	3.1402538	0.3356228
-0.77166355	3.0752783	-1.2378658
-3.1962476	-2.1887343	1.5184469
2.198323	-1.9871764	-2.2596405
-1.0235188	2.0977628	0.7775167
-1.8438096	1.9509028	-1.7547379
-3.1279483	-2.8427322	1.3398011
-1.5833731	-0.94911486	-3.7199135
-3.571391	-2.2105012	1.6870174
-2.9950795	-0.4027782	-0.4453443
4.450021	-1.4704647	0.58702534
-1.7355719	-3.8982956	-1.3728635
0.29773903	-1.5284888	0.026407655
-1.0993243	3.1131606	0.11024945
-2.2494774	1.1751525	1.6889307
-1.8030187	1.8339072	0.15642537
1.5783968	-1.1166346	1.4570729
-3.548256	-1.3370813	0.20696214
3.0140693	1.2454818	1.5271177
-1.9245101	-1.5208744	0.44242924
-0.55923194	3.5524266	0.6314078
-3.1928713	-0.66509455	-0.89693326
1.5916592	3.425914	-0.73107064
-1.6445006	2.1912112	-1.490626
-1.3172278	2.5939193	1.4436828
-0.30053884	2.826103	-1.4508796
2.3913052	-0.49321413	2.7785432
-0.24614799	-1.3304322	-2.036389
0.7938715	3.656587	1.590929
-0.01559075	-1.6299139	0.85297227
-2.1425152	1.3164699	1.5946432
1.8077987	2.6890564	-1.0583224
1.467176	-0.57893676	3.6108654
-3.186015	-1.4275964	0.5273697
-0.25938806	3.1773582	0.91208184
-1.8793705	2.1185987	-0.505228
2.2997093	-0.9927186	3.1367974
0.6551092	-1.5744852	-3.4841104
-0.8940797	3.036872	0.37839314
-2.5112963	0.17635062	0.8102841
-1.7588924	2.04308	1.7634393
0.23228364	-3.023608	-0.5138352
1.1145897	-0.4766107	2.3794508
-0.48798162	-2.1578896	-3.8864157
-0.6611422	-1.4587536	3.193187
-2.4197228	-0.8381223	-0.634764
2.4257183	0.4731636	2.2390723
-0.26119038	-1.0149057	-0.47038135
-3.2131116	-2.700151	0.7307845
-3.251283	-0.9915089	-0.56818163
6.200304	-1.896089	4.2276773
-0.38520718	-0.1631019	-0.19798341
-0.2603547	1.1727245	1.7231218
0.13462222	3.3308694	0.46011055
-0.15741657	-0.43960917	2.2917588
1.2930071	-2.1851141	-3.128789
0.8838744	-2.350567	-0.79306424
-2.6882555	-0.6282319	-0.6641375
-0.04955893	-0.73191273	1.8162775
-3.8509064	-1.3382955	-0.27514556
-1.5054884	2.141648	2.182782
-1.0372287	-3.975989	1.1111934
-1.4478656	2.2931297	1.9776428
-2.8306174	0.9806266	-0.6552756
-1.1662506	2.7268538	1.6341126
-0.5324902	0.21550542	0.9723897
-0.60574996	-1.1005006	4.2777853
-4.060647	-1.3995017	1.1900338
-2.3503056	-0.26074904	1.1846546
-2.4864028	-0.002632713	0.21619819
-1.0339221	2.0775275	1.3785701
-0.93202555	0.48979142	-0.06882755
1.4597971	1.3287975	2.9130406
-2.9445271	1.3722547	-0.40212694
-1.7023736	1.5466638	1.7848661
0.08867484	1.2516619	-3.6406353
1.0977733	-0.8965539	1.1502932
1.0493189	3.7138684	-1.1956903
7.354358	-1.2530998	3.7100987
-1.1410702	1.9775397	-3.162781
6.765608	-2.1872363	-1.3446901
0.11768186	-1.1001333	0.0041068206
1.1927998	1.8125398	1.8074907
-0.09781372	-0.14662509	1.1639224
-0.4510419	-2.6103036	0.55790937
-1.2367407	1.7916598	-2.2116928
5.4379945	-1.362137	0.062279303
-1.1716198	2.2382293	-0.8383541
-1.391562	-0.03408205	1.5100749
0.9393051	3.2955732	-1.5504111
-0.8365195	-0.67813885	3.3355687
4.9438224	-1.984992	-2.0769305
-1.6698492	1.7461517	0.112430945
-1.1458923	2.6170447	-0.6741848
-3.1490126	-2.4771044	0.8971496
-2.6589434	-0.13036805	-1.5848737
-0.29386154	-0.75778335	2.321301
2.012889	3.0530388	-1.432953
-3.0641122	-2.7619529	0.82714754
-0.14499302	-0.30310243	2.6120028
1.3123941	1.7166799	2.6851764
-3.3788095	-1.9298418	0.74993825
3.9421306	0.4325143	1.119089
2.169644	-2.2398794	-1.0872535
3.619744	-1.2566621	2.515775
-3.8001103	-0.6868582	-0.43014306
-3.6252666	-2.3639078	0.82782525
-1.5532038	-1.4235095	0.23789388
0.39978212	-0.9072147	3.3009753
6.701066	-1.7890724	-2.45198
-0.57816213	1.5997158	-2.7627466
-0.6278597	3.0603797	-0.2537579
0.5431494	3.5913522	1.0102999
6.0443554	-1.1356599	0.45399907
-2.2975504	-0.030561395	1.7845819
4.3669095	-2.1534996	-2.2396953
1.9475492	-0.3436199	2.8366995
-3.6875327	-1.5431056	0.12684728
0.6191617	1.9110103	1.0538177
-0.6749859	0.95883197	-1.9137005
0.34092814	0.51333827	3.3278987
-2.1579206	-0.66409147	-0.2746724
-1.1820716	1.0635352	2.5557835
-2.1970048	-2.087682	-0.9206915
3.6545768	-0.73133177	3.0450592
1.0666982	0.0061486685	-0.71624005
-3.126867	-2.0771477	0.4019737
-1.0982268	1.453802	0.35580763
1.452982	-1.0588069	2.5377975
-2.303849	2.173871	-0.6717879
1.08565	-1.2291969	-2.527174
1.7314332	0.42629927	-1.3664365
0.039970063	2.4071078	2.6714203
-1.7882125	2.0610356	0.5889783
0.27259344	0.7941997	1.0446094
-3.418807	-0.88421685	-0.46822035
0.40631825	-0.27174178	3.0210404
0.4812165	-1.472975	-3.536907
-1.542103	0.96568257	1.9226227
-0.3957489	0.13904302	-0.8937457
2.061449	0.5575892	1.4545685
0.9801533	-3.9823818	-2.7114456
-2.4151227	-1.101531	0.8641243
-3.4052482	-2.379059	1.167168
0.44446868	-0.55260223	2.3078136
2.8930175	0.36314893	-1.1552356
2.6970415	-2.045498	-0.953803
1.3367776	-1.6773909	-0.056694765
-0.9898456	0.4568331	1.9789099
-0.9635013	-0.35393745	0.50611633
-0.65260196	-1.9133612	1.7346222
-2.0976226	1.6680038	-1.6961882
-2.0214643	-0.07665164	1.7305474
-1.5196477	-0.39440712	-2.253854
-2.0053432	-2.0678666	2.5669627
3.159269	-3.5369363	-2.3003752
-0.2563264	3.3518832	1.7281085
0.3435696	1.4629247	-0.5624479
-3.0776162	-2.053918	0.8704357
-3.027045	-2.0473034	0.65229803
-0.90151733	0.7763189	2.8625596
-3.458011	-2.4494226	0.29406565
-1.9368489	0.20463213	1.6864347
1.3034194	1.4134414	-2.4571366
-1.347408	-0.1734366	2.2953424
-0.669512	-1.033741	-0.74674845
2.5995157	-1.0066875	2.7560606
0.54325837	0.28372967	-2.9075592
0.18460928	-1.1168545	1.7743231
-2.776899	1.446973	-0.03330371
4.9603524	-0.047691237	4.4591
0.7297421	3.0771453	-2.2753298
0.95767844	2.641752	2.274248
-0.30155686	3.7513208	-0.33906904
-2.5228124	-0.29644012	1.329098
4.1575375	-1.9739286	-2.7208784
-1.1288664	2.0799494	2.2680106
5.952514	-1.5472194	-2.1871586
1.1402112	0.6588397	3.4186287
1.5531194	0.26884705	-0.7640301
-1.8109196	0.6177092	2.6108103
-0.48613453	-0.28534302	0.34360653
-0.609371	2.1121476	2.0438764
-0.7347677	-0.23948106	-2.184612
-2.4401672	-0.79989004	0.8024911
0.5823035	0.23887624	-0.99381304
-2.1419728	-1.7984873	1.4965322
-0.3925168	1.5040416	0.48793998
-1.4109913	-0.8817152	2.429369
-3.5292263	-2.3650956	0.19706085
0.98308647	-0.4691513	1.0695038
-1.7960767	-0.32762864	-1.1302878
-0.67371017	3.2555823	1.9807056
4.217672	-1.6479175	0.65772283
-1.6564705	-1.076967	2.4029667
2.4231095	-2.8231664	-1.1348006
-1.1114645	-1.5376158	2.55754
-0.13018878	-3.1743898	-1.4263855
-1.3306717	0.81058013	2.2124524
3.434037	-1.133243	1.4475012
0.54217774	-1.5271039	0.9029773
0.22244024	3.1323614	-1.6581323
1.3786185	-1.7067982	2.8133445
-2.3601308	-2.385429	1.5081826
-3.0431736	-2.6090536	0.73000365
3.6387732	-0.17046802	-3.7209592
0.76948225	-1.0529772	3.1593864
-3.6040657	-1.2565819	0.099047884
0.81255734	-1.7037275	0.81335294
-2.0622025	0.096417375	-1.081384
-0.28105208	-2.1480742	3.4690385
-2.812572	-0.8083285	-0.1806751
0.19961528	-1.6724007	2.168681
-0.1460734	2.5192769	-1.7576439
0.41968048	-1.8364891	2.3757956
0.5494398	3.8144288	-0.9267339
1.1563369	0.94797266	3.546249
-1.1919956	1.9952685	-1.8560971
-1.1797738	1.7853265	1.3032377
-0.27970478	-0.5790397	2.4143767
-0.22981542	1.8120716	2.9710593
2.592795	1.030115	1.3882192
-0.6545961	-1.2828362	2.210693
-3.5765586	-1.6838702	-0.7349971
-3.4008813	-2.0233507	0.9612588
-2.4854274	-1.3346804	-1.0718026
-1.4191053	-2.102453	2.2714622
-1.6981854	1.404963	-2.804275
4.606262	0.17482972	3.4696257
-0.07247726	-0.23611076	0.19822621
-1.2486665	-0.2986694	2.5144942
-0.6131793	2.7283764	-1.2669989
-0.4697401	-1.1270211	1.5634221
2.6379876	0.33071372	-1.488912
-2.2494469	-0.19596289	1.7531606
-0.9431472	0.5382683	0.51920944
-0.8684324	3.3565755	1.5160995
-1.5827037	0.29819065	0.32455546
-2.721993	-2.0113223	0.56441075
-2.9070873	-1.8694535	-1.2068138
-1.3612262	1.1793876	3.0737355
-1.858892	1.5781404	0.19544055
3.058287	-0.023580864	3.891826
-0.7123359	1.3859656	-0.8382698
-3.244759	-2.0119872	0.8514239
0.08415879	-1.5030857	-2.1245034
-2.4596193	0.81874716	1.4375452
4.1054525	0.48825973	-2.35672
0.18808357	-1.8542343	3.255049
2.0248585	0.6101668	2.433937
-1.0019901	2.1582158	1.3800589
-3.0541406	0.89856917	-0.23151937
-1.5020142	0.4523414	2.2213356
0.5028636	-3.1490908	-2.208739
2.7617247	-1.0597278	3.9099185
-3.6916785	-0.9469857	-0.4949398
-1.2257788	0.5838828	1.9318826
-0.0058027944	1.906804	-1.3935691
0.5446308	-0.5994658	3.1587267
1.4324067	3.7621186	-2.6071482
-3.2445734	-2.2811823	1.0677353
0.30258846	2.6027894	-1.0389951
-2.3241045	-1.0869415	0.8427322
4.176668	-0.31899956	-1.7981458
-0.5645335	0.29397616	-0.004122116
-0.86466724	1.3449169	2.2395737
-0.4200243	-0.12459758	1.7302125
2.6173558	3.8416953	-1.3842839
-0.99690956	1.8811138	1.6640419
-3.2275863	-0.5455165	-0.54806495
0.15259388	-0.6719085	2.9307919
5.0742726	-1.3785622	-3.9379737
-1.498136	1.7936896	1.7025738
3.1601844	-0.2643428	-1.779982
0.3308109	-0.21416268	4.074123
-1.6273813	2.2470136	-0.24302536
0.59343296	0.02785434	0.7837061
1.7131137	3.3835094	2.2089176
-0.6445918	1.3696918	0.9044972
-0.901218	-1.1733723	-2.537665
0.24762549	0.72317624	1.2234944
-2.1442153	-1.1834728	-1.0482754
-1.5740587	0.3216105	2.7527056
0.31328037	3.1789017	-0.505783
2.697429	-0.4038579	3.3472
-2.9665444	0.28327152	-0.7476043
0.12647223	1.1594629	3.6771936
-2.2743025	2.037746	0.5178416
-2.66505	-2.1581268	0.5086044
-3.3644102	-0.6683605	-0.4216814
4.6855965	-0.9501754	2.7785687
0.73056126	2.3922222	-1.8477724
-2.9759667	-0.8352384	1.3927814
1.6478841	-1.4996395	2.8658526
1.2221367	-1.3515294	0.68500346
-3.324893	-1.1958244	0.1486177
1.0789859	0.14402221	-0.32509875
-2.0510263	-3.3436165	-1.0383424
-1.4140006	1.2377264	1.2261412
-3.8694942	-1.8128419	0.13412645
0.2259367	-0.9116563	3.676308
-2.3935056	-0.27423486	-1.8268993
-0.47527128	1.9749243	2.6643784
-0.33169723	-1.4205223	0.29120284
-2.126409	-0.48404852	1.7813005
-2.1592278	2.7986188	-0.4979429
0.031674955	2.835038	2.51989
4.51456	-0.23102868	3.1570354
0.55870247	-0.5278837	2.4537048
0.7966913	0.05134358	-1.2004944
-0.3622403	0.3340822	2.2343142
-1.1663922	-0.91856885	-0.6044931
-2.0988996	0.06956403	1.5606033
2.6284564	-0.5934034	-0.37433797
-0.47434548	2.0186784	2.2956285
-0.8751154	1.8845329	0.17755868
1.2665219	-0.34576192	3.8538406
2.2950008	0.5000772	1.8276987
1.6100595	-0.12133458	3.5086899
3.5805829	-0.36999542	-2.9761796
5.2408867	-1.78397	2.6670625
2.6312594	-2.566206	-0.89528024
-3.4225993	-2.3885927	1.7591203
0.6338895	-0.8710412	2.2296596
0.7655591	-0.55188787	3.2366858
-2.4901538	-2.1973953	-0.32176757
0.84510607	-3.0784965	-0.7273461
-3.4442751	-1.9798548	0.31639594
2.058911	3.295323	-0.9862471
-3.7197738	-1.0118203	-0.20246588
1.9812837	-1.6965883	0.89492106
-0.2641169	2.1179945	1.5343543
3.9080832	1.0759081	2.493872
-1.363043	0.8831009	-1.9603817
-0.13526683	3.0443928	1.7466217
1.016364	-1.0688998	2.073521
-1.305259	-2.697591	2.855287
-0.9814182	1.9801786	-2.367317
-0.056183018	3.2741365	0.9011272
-1.8825216	-1.440746	-1.7227937
5.2676463	-1.241873	2.238304
0.9394321	0.18488105	-2.051676
-3.2804096	-2.3694608	1.6682076
1.1296432	2.6815367	-2.6437137
0.22052573	-0.55742574	1.2228756
-1.9750675	-0.49655002	-1.8246675
-0.013045699	-2.317489	0.7351609
-1.3379161	-2.5676277	0.66962963
1.2224423	2.72665	0.5915985
-3.3568058	-3.1366456	1.19326
2.6540563	-1.0777011	-0.13926001
-0.6044519	2.1801035	1.5341486
3.5192838	1.4682778	2.7336178
4.605778	0.056081727	-0.33208987
0.6403911	3.7009325	2.0377638
1.7753841	1.4738237	-0.008932258
-1.5466052	-2.2422843	3.1005623
-0.78926325	1.6052285	-2.4015188
-1.0953969	2.4511318	1.1043234
-1.9720007	-1.0371332	-1.7730683
4.6115994	-0.4353571	1.5151545
-3.3509834	-1.4264971	-0.108459905
-3.138138	-2.6460857	1.2173619
2.0396614	-1.2890623	5.6361766
2.2791212	-1.4052271	3.6413724
-1.253772	-2.5157099	-0.046984784
0.334067	-2.3018377	1.1207674
1.6324556	-0.9424393	3.2552648
2.4800627	3.8085368	2.4884162
-0.4986928	1.7974348	-3.0561025
4.323321	-1.5910937	-1.6107459
-2.423836	-0.059943948	-1.0251585
2.5662353	0.12506218	3.5258734
1.8729526	0.85994965	-3.4231184
0.0076232743	2.8572195	2.4783924
0.4833889	3.8798945	-2.391382
-1.0348144	-2.8029122	3.4032812
-1.0353732	-1.1062927	-2.6929803
-0.313172	3.1292133	1.2388916
-2.494781	0.1193867	-0.076256596
2.4412694	2.9119349	-0.45225272
-1.0497841	3.0920305	-0.2855546
-0.34017935	-2.1570766	1.297447
-0.17163856	-4.780369	0.029859213
4.4611716	-2.0936973	2.2901077
0.07946113	0.050619956	-1.7890604
1.456935	0.41443446	3.503682
-1.820331	-1.1484501	-2.2050445
1.8407003	-0.6175617	4.191867
-3.0582018	-0.028675886	-0.8498667
2.1840706	0.97515863	3.9647791
-0.27607128	-1.2367557	-1.1793447
0.13716312	3.101728	1.49522
1.5054584	2.543995	0.25139004
5.4467063	-1.6929735	3.2272015
-2.8878264	1.5160823	-1.0347635
3.8238707	-0.80535126	4.435228
-2.8475385	0.52199614	0.28486526
-3.164714	-2.291033	0.92411447
0.90704596	-0.7954784	-3.8751197
0.52062994	2.0403993	2.0642161
-1.3466183	2.7839797	-1.6346815
2.0328505	-1.1119535	0.80446106
0.9471888	-3.5842547	-3.4455845
-0.6627895	2.346095	2.9273381
-2.6885366	1.0163534	-0.48521286
0.11335399	2.912701	2.6881642
3.9681506	1.3344017	0.74610823
2.739918	-1.3207381	1.9709673
0.77507097	0.5339777	-1.1472422
2.1922803	0.6759875	3.609934
-0.4957034	0.19112644	-3.2877183
-0.2760487	-1.0246426	2.2402503
-0.4337524	1.5610598	-0.058879692
1.9604131	4.41134	0.72590494
0.4969365	2.7760458	-2.6807568
-3.138525	-3.7468753	1.3441455
0.6651441	-1.6481168	-0.8132014
0.25170577	-3.0960386	-0.11346171
1.1590056	-2.0998538	-2.040245
0.5815237	-1.083881	3.0975528
-1.3009282	1.011203	0.040423635
0.7870833	-1.1980586	1.5057675
1.5601196	3.8502848	1.8839628
-1.4451749	3.2963154	0.2892394
2.7580333	-1.5457996	2.8523932
-1.7149115	-0.23001519	1.1021899
2.0732265	0.581614	1.3429604
0.38143867	-0.65311414	2.2329388
-1.7022405	0.84254146	-1.1226529
-2.9946504	-3.1946845	0.9698174
-3.4201357	-0.8753055	-0.09508467
5.1717978	-1.7659749	3.2837918
-0.34706694	2.0562491	0.20109126
-2.9779253	-3.0783098	0.9460095
-1.2760296	-1.0481709	0.30740684
0.61016214	0.5223584	3.4279163
-1.8375932	2.3659418	-1.7583722
4.9480295	-1.5555439	2.2636576
-0.2717335	0.9454553	1.4844651
0.2190735	-2.3965883	0.8153701
4.0305524	-2.8397892	-1.2053045
-0.3720829	-1.6776903	3.055465
-0.10705763	-1.6074252	-2.7192445
0.8842986	3.4244647	0.76207143
0.6521162	-0.9089983	2.8437338
-1.5806094	0.87882876	1.2873832
-1.3367579	-0.4298416	0.22891779
0.41244876	3.316813	1.2351829
-1.6248198	2.9978914	-1.7119774
1.2113097	-0.9348672	1.3314272
-0.20295084	2.9207568	0.2574255
-0.4987355	0.055749055	1.0778366
0.84809726	1.2748058	0.54758024
-1.0014005	1.6549526	1.6812203
0.6061473	2.9257047	-0.91106457
0.37037963	-1.1873441	1.0895685
-0.13262285	3.8329725	-0.6448099
-1.0028682	-1.1957508	0.21086337
-1.9971046	0.15755138	-1.8011832
-3.2085583	-3.3007324	0.8400712
0.49619886	-0.019611025	-0.20644808
-0.40996042	-2.0972517	1.34398
-1.0148607	3.3002086	-0.90047127
0.21658812	0.78730816	1.4095383
1.1927977	-3.9471793	0.66588944
2.2702518	-2.3012755	0.23348233
0.72014344	-0.017069517	1.528214
-1.3084576	-2.060638	2.80392
2.835254	-0.41552776	-0.46670404
-0.19641668	2.955584	0.19675009
0.3130068	2.7460082	-3.4820936
-2.6495128	-2.4376676	1.8235618
-2.8726225	0.17074779	0.36229938
0.015530069	-0.63704234	2.5366776
-2.6148841	1.6580068	-1.7181932
4.135884	-0.5837044	5.057605
1.6836755	2.4925625	-1.1285049
-1.7648513	1.6651989	2.3995366
0.24260779	-0.05782222	-0.9218915
1.2981784	-0.54400325	4.192694
0.29439142	-4.355167	-2.119042
0.9645003	-1.0457057	2.4336953
-0.46497503	-1.570008	0.07538293
-3.209713	-3.539593	1.2009637
-0.70873874	2.5310926	0.67896706
-3.0328631	-3.3453598	0.99652475
1.2915454	-1.1352869	-1.1990173
1.7860539	-2.1900437	1.2196981
-3.8204463	-1.2333934	-0.15908323
-1.4746226	2.1252024	1.2536494
-0.3090464	-3.297345	-2.0588942
2.2185726	-0.4231335	3.1628938
0.9579377	1.1775616	-1.8377397
-1.6441693	-1.529196	2.2062187
2.523719	-0.63550425	2.1195884
1.2809408	-1.5328944	1.6035141
2.135665	-0.63942903	-1.2103734
1.5190182	4.2849045	1.5252876
0.5229359	1.5519639	-1.3086811
4.157265	-1.2342358	3.343126
-0.23009032	1.6236973	1.3518913
1.6399983	4.1814675	0.43464845
-1.7517456	-0.46153572	2.8091645
-1.0450656	2.5267487	2.258618
0.31266427	3.2633939	0.0040370156
1.0959005	3.893298	0.8082886
-1.7170957	-1.0955414	-2.3618226
0.64311737	-2.0038455	2.2540681
-1.8097731	-0.5666374	0.37687314
4.874484	0.5891274	3.91614
4.7292814	-1.7411484	2.9940183
0.28748664	-2.16325	0.9809822
-0.9173975	-1.55831	-0.24334623
-1.6106188	0.36306015	-0.16094062
-3.1063664	-0.18969949	-0.101240635
0.039333485	-1.1452696	3.4933867
0.6227842	-1.1566008	-1.0890342
0.6293628	-2.4193218	1.2434355
-1.3186744	2.12791	-1.2705507
2.6239974	-1.3810464	2.5257564
-2.0304003	0.048834022	-1.9457015
-3.308111	-2.825286	0.87131906
4.3194304	0.4959295	-2.5588157
2.8279626	-0.32399455	1.9915775
2.1385024	-5.165552	-2.1209981
0.47571766	-1.8924189	-2.6645129
-2.1689458	-0.78721285	-2.4205284
1.481404	3.5462093	-0.71429664
-2.242557	-0.56971955	-1.2873602
-1.980228	0.00878822	1.3000377
-1.4730505	2.652742	1.6402531
0.1904813	0.6297571	3.2803419
2.301016	1.9923294	-1.2853234
1.3095446	3.8856232	0.21493392
-3.3042178	-1.2848603	0.15488195
-0.018155932	-2.2449465	3.8841581
1.6787348	-2.786565	-3.129634
0.99665165	3.8870294	1.9388419
-1.96626	2.1880953	-0.6825977
1.6581463	0.3159135	3.8944235
1.3550056	-2.3460114	-2.340675
-3.2776997	-2.7280939	0.8419708
-2.603466	-0.65268457	0.44542822
2.6801052	0.34648594	3.9535048
-1.1826018	1.4445761	0.8413028
3.8142648	-2.1347702	-1.9562081
1.1766407	2.9992251	2.3330607
0.61057115	3.2239137	1.4790219
-1.7821323	2.8583448	0.0008189755
-2.1958928	0.33722532	1.6779827
-2.7677138	0.51457715	-0.6474796
0.67700046	0.26780412	3.4311934
4.2425303	0.077834494	-0.042999934
1.2942178	0.11676435	4.4236774
-0.42090487	3.7748172	-2.0225165
-3.0106616	-2.0459201	1.3675419
-0.26085597	1.3506619	-1.9688473
2.9488342	-1.0202825	4.206713
-0.077896215	2.4657414	-2.0404541
3.575575	-3.2471952	-0.5160629
2.484056	-0.47223213	-2.3337798
-0.14700003	2.3017302	2.7190228
-0.259099	-0.18594946	-0.6760023
0.46365702	-0.85604125	4.5901804
1.4862988	3.32403	-1.1545563
-2.3842945	-0.36148056	1.4049209
2.3880773	-1.37321	-1.8363849
1.6527467	0.021423219	3.5753896
-2.2842867	0.05308418	0.66857064
-3.0368369	-2.975855	0.88457894
-3.5924652	-2.6415763	1.1583984
-1.3925027	0.43016928	2.4380035
-2.7046402	-0.35518044	0.4242286
0.2559997	-0.97687155	3.681463
1.5242081	-2.265164	-3.6841614
0.5600377	-0.6598116	2.8872027
2.4216557	2.4003417	-1.4388674
4.4930186	-1.0922307	3.2147899
-0.75333947	2.7478807	0.8336185
0.8760866	2.9362214	1.5517793
2.2711089	3.5533016	1.0824207
0.9105814	0.52313423	3.1809506
-0.29407626	2.3049629	-2.2247214
-1.572406	1.3500849	0.843051
1.0080035	1.7224445	-0.54547215
-1.7416965	-1.0401763	1.7250361
-3.003599	0.741115	-1.4070418
-0.61164427	2.3471618	1.9967462
-1.065467	-3.901954	-1.5173336
-1.9620966	-0.499719	1.7637058
0.73221195	3.2683337	-1.0078093
-3.2950652	-1.922195	0.045498416
1.7950777	2.7245111	0.70111233
-0.0027435124	-0.08774434	3.3347123
3.0734377	2.034327	0.11113224
-1.4810898	2.333305	1.8561074
1.634902	-1.8178186	1.1867148
-2.2001178	0.12656951	1.4060715
-1.9483526	-0.12515257	1.6533237
4.5889163	0.60167503	4.016686
-0.8212637	2.1249378	0.68611044
-3.0519433	-2.4525504	0.6493823
2.7613037	0.5431093	-0.64396924
0.0855577	0.13832955	-2.1868641
-0.035441715	3.2146707	2.0973802
-1.716314	-0.1759503	2.4839582
1.4680356	-3.2558718	-0.44939733
1.2440635	-0.16874617	2.8098702
1.6334176	-0.5517432	-0.86565936
-2.649245	-3.145652	2.2776625
2.4229016	-0.76289624	-3.1222408
-3.125334	-2.4135342	0.23039514
-1.7370732	3.0634375	-0.23935786
-1.5914438	-1.8911643	3.004538
-1.1843423	-1.6349151	2.2372708
1.7682395	-0.59815896	2.6967227
-0.08134452	0.08916159	-1.9481304
1.0240982	3.5717304	2.172931
-2.4212499	1.4370011	-1.0362129
1.407984	2.4192913	0.7049556
1.4098179	-1.9565638	-3.102219
-1.6532459	1.5155873	1.1867036
1.8912053	1.3965442	0.19302346
-0.63235074	-0.50106364	3.1423974
0.12225531	-0.26918623	-3.0623827
1.5313876	-3.693223	-1.4943253
-0.1897432	-0.13117848	-0.044850096
-0.912801	-0.18983647	2.6428144
-2.8880148	-0.18090892	-0.8624751
2.1534827	-0.2956615	4.0143814
-2.3582218	1.2635347	-0.403584
1.6768136	3.1718802	2.1569219
-2.3339596	-1.686524	-0.5121041
0.25754857	0.16752143	-2.4388208
1.6961337	-0.21117309	-2.4944277
-1.8209587	-0.10125635	1.8339092
2.9166777	2.4523137	-0.98515594
0.040754884	3.185241	2.2010794
1.6581415	3.1548283	-0.6649125
1.4601166	-0.5143059	3.4750803
1.9815047	3.2453265	-1.078665
1.7113805	1.9398726	-0.97410727
1.0545665	-3.227643	-1.0093242
-3.1486547	-2.0117455	0.058313277
0.25344014	3.6174645	-0.85717344
0.76151085	2.5761395	1.2816054
-0.6318739	-0.5018956	-0.07623332
2.0727758	0.007223529	4.540964
0.929516	-2.9421825	-1.8452303
-1.1769401	-0.5559288	2.7128546
2.5921032	-0.07936371	-0.26887035
0.079820044	2.5793767	2.079182
-3.267993	-0.5039586	-0.7232532
-2.78274	-2.098416	0.21707283
-2.276347	0.2587672	-2.1361618
0.87619907	2.9898252	2.6663728
-0.9472064	2.4320858	-1.156152
-0.72520465	1.2825772	-0.6007251
-0.41257384	3.9822876	0.011417265
-1.7311761	-0.8276115	2.6699317
3.602765	-2.4793987	3.0657432
0.53832614	0.5565977	3.940235
-3.8147135	-1.9887598	0.32286298
-1.1060344	-0.6643405	2.8688374
0.40116668	3.8705251	-2.089578
1.0213101	-0.63299465	1.854919
-0.48069763	0.20014589	-1.5165884
-3.283334	-1.8072704	-0.16532739
4.4271955	-0.8349768	-1.6404191
1.3044261	2.0915165	1.4826207
-0.33225766	-0.8966469	0.80506146
-0.19112645	-1.7237769	0.15206948
-2.635759	1.5597641	-0.9517418
-2.4202948	0.56863534	0.27680677
-0.16367622	0.6327558	-2.7668264
-1.6696675	-2.0602455	1.4770851
-0.4704123	-0.031023351	0.25501582
-3.302591	0.60595673	0.93736887
2.4563222	-1.9414066	-2.516574
0.7934624	-1.3975775	2.1979618
3.7235348	1.0948589	3.5140684
-3.3427	-0.7239622	0.24784718
0.44440612	-1.0899472	-0.44993702
-0.15698892	-0.24512379	3.3209412
-0.37981328	-0.490504	1.1505928
-1.0390494	0.06805975	0.12422478
-1.2545929	1.4425234	2.882095
-2.2887895	1.621617	1.7338457
0.9741834	2.905861	-2.598169
-0.010585634	-0.91653574	2.1388602
5.6184554	-1.3054652	-2.1907735
-0.22712252	-0.87874514	2.3383703
-2.7228181	1.5112238	-1.7891669
0.6564403	2.9511788	1.2444433
-3.9475746	-1.5936472	0.16291888
1.3278528	-2.2919765	-0.084374435
0.8142512	0.24457091	-2.4053726
-0.53731835	-1.0604162	1.2863675
2.254284	-0.4531318	0.8418497
1.4024777	0.75514734	0.2776996
1.7602063	1.9197391	-1.0764154
-3.263481	-2.019713	0.76586014
-3.22918	-1.6034589	-0.5265337
-0.6734979	0.43137518	2.2898858
-0.5100774	3.1049442	-0.039312195
0.52772486	-1.4429988	1.3273339
-1.6292686	2.40759	-0.76605666
-1.7383823	0.9970399	1.8987435
-1.5240841	-3.0276644	-2.369493
-1.8620902	-2.336435	0.6355161
-3.699488	-0.954738	0.15773562
-1.8227913	2.0543213	1.1799668
0.2672224	-0.59614795	0.4043883
-1.5097008	-0.22172639	-0.22770487
-1.7267771	-1.4955337	-2.747144
-3.611905	-1.999429	-0.027795196
-2.2143471	0.36781412	2.1706636
1.6155262	-1.7530901	0.1407732
-1.1175818	-1.5869746	-2.5312045
-2.3211854	-2.1735806	1.2950289
-2.644261	-1.2094481	0.90129983
-0.9571693	-1.6349661	2.095293
-0.9165699	4.0780888	-0.5776371
-1.0434787	2.1914313	2.4725296
-1.0053893	-2.2286837	-0.53957814
0.11921677	0.547025	-0.2480324
4.0567656	0.24071012	-3.037467
0.41972438	-1.2932643	0.8552533
5.373709	-2.0365589	-1.2584157
-3.8280835	-1.3066621	0.14288187
-3.2554877	-1.0132494	-0.19371387
-3.7392683	-1.4232562	0.005774267
-1.9239917	1.8668419	1.156514
2.0051725	2.5770533	1.5394368
-3.6229813	-2.023133	0.54490936
-3.3566535	-2.1206784	0.45721963
-0.8976988	-2.3789768	-2.0873475
0.8885632	-1.6328906	2.2401567
-2.7477424	-0.033237815	-0.43821105
-1.8326434	0.05732582	1.963497
3.4109046	-0.9452359	-0.25853997
2.2913303	-0.80124617	2.4925854
0.83000755	0.4804205	2.183933
3.1394384	-1.2994593	1.1753018
-1.2649715	1.593275	-0.93474656
-3.4807315	-1.4689367	0.17116442
0.66065437	-1.4286559	2.427651
3.7531114	-3.944158	1.5954812
-1.5797219	1.8380522	-0.8052148
-0.06695321	2.017171	2.7889984
-2.4195075	-0.92630816	1.2112352
-0.5422775	-0.98022145	0.9019363
1.5020658	-1.4809327	-2.5735216
-0.0019125624	3.4296067	0.8830499
1.5221468	-2.1818721	-0.6703206
0.7966368	-0.928651	-0.6525001
-2.838314	-0.48863348	0.6797607
3.5763724	-1.2734104	2.956664
0.9358942	-2.5872242	-4.0443
0.732968	-1.622924	2.913486
-1.447332	1.6743724	-1.9855772
-2.1376	-1.2175791	1.5714535
-0.059714384	3.0891728	-2.0053062
-1.8223946	-0.44755194	1.9121509
0.15166655	3.287799	-1.155499
-2.7582712	-2.370701	0.7014751
0.66609925	4.0222363	-2.1088204
-1.555826	-1.6746922	0.77512294
-3.7496254	-2.1097395	0.094872385
1.5112207	-0.89929134	1.3420452
-2.215438	-0.4582478	-2.0428226
0.41935855	0.12877208	2.769625
-0.670956	3.0441263	-0.1393423
-2.5823638	-1.5411586	0.19083886
0.15334997	-0.047430675	1.5072412
-1.126706	1.658302	1.5340166
-2.0496807	0.86437076	1.6972569
0.190169	0.024089944	-0.2482339
2.186409	-0.63737774	-1.8327141
1.2544496	0.6417799	1.2357361
-0.14366266	-3.0518286	-3.5751941
-3.1523287	-1.4051404	-0.013345058
-3.7577322	-1.7863153	0.3543605
-1.8883972	1.1632459	2.0517573
2.2598984	-0.44492602	-0.64224917
-1.3939426	-0.39659643	1.5976908
-0.78603685	-1.0487019	0.976115
0.48590323	-1.7880799	0.97651154
-2.654534	1.2647883	-0.18599558
0.34298646	-0.2804478	2.3586845
-0.21578369	1.243214	1.7966229
2.0869048	-1.4947642	-2.1591992
-0.21106507	2.848609	-0.16306323
-1.0613395	-3.1881	-1.831781
-0.7769803	-2.0375044	-2.6030617
0.96754366	-2.7744093	-1.6571324
1.1750985	-0.3121426	0.6530612
0.8325407	3.444587	0.64083666
-3.0340545	-0.7129505	0.4048896
-2.0716588	0.84395635	-0.17149702
-0.817127	-2.1044903	-2.9786022
0.8768888	-1.7482723	-1.4511786
4.809009	-1.7818911	-1.1672628
-1.8053131	0.99897444	1.6137197
-1.036942	2.5175052	1.4862571
-2.841387	-1.6566014	-0.024649521
-2.1941733	2.1558032	-1.5655656
-1.8909618	1.1029685	1.2386413
-0.15905912	0.14958519	-4.4071107
-0.6576014	-0.2867947	2.1545491
0.17456938	1.1779326	-0.27055204
-0.81512004	3.4109824	1.6108443
1.34706	-1.806525	-2.8876352
-0.90996367	1.8342646	2.2536187
-1.9337827	1.6973394	-1.5790278
-1.6428798	0.4449065	0.97814447
-2.9681306	1.050814	-1.3892913
-0.7126216	2.4610114	1.708465
-0.15340717	-0.25402376	-0.082099125
-1.159541	2.1962214	0.7987734
0.23095977	-0.24964891	-1.9494429
-1.7113711	1.7414818	2.1338797
-0.8890231	2.144399	-2.0770638
-2.1560855	2.4334104	0.8936991
-4.025221	-1.6329404	0.4692019
-0.3508298	-0.6620918	1.2807218
4.215301	3.886118	-0.3565395
0.21830624	2.8480165	-0.27041635
-2.4194968	-1.0234909	-0.8242923
6.0243616	-0.1465787	4.8583803
0.043604027	1.9974107	2.0099924
-3.4101496	-3.1640892	1.503163
-1.2597685	-0.7290751	0.9632656
2.7379277	-1.0598148	2.1364512
2.5547667	-0.4951277	0.9338601
1.9373112	-2.7200918	2.2977095
-1.4316672	2.7361002	-1.8644127
1.688198	4.2211633	1.2970786
-1.4473354	-1.763883	0.48339579
3.2924955	1.1625108	2.3778656
-0.53851503	1.0561616	-0.7519901
-0.77577144	3.632204	0.02931655
-3.4178643	-0.4999932	-0.20436178
3.770924	-0.1742243	3.8416843
0.07697823	2.1515346	-2.5649436
4.288715	-0.29679808	4.6127863
-0.017612632	1.3742023	-0.8552829
-3.7640107	-2.96957	1.4172422
-0.67378855	1.8941587	-1.7780364
2.944569	-2.0408816	0.5956155
-3.9520478	-1.638607	0.0569195
1.4005252	-1.1177114	1.6217349
0.7332576	-0.6515751	1.8575585
1.1232507	3.363001	2.1048155
-0.24143292	0.95043755	0.9796222
-0.9183262	2.4844208	2.7895472
4.025326	-2.2956872	-3.7359893
2.598016	-0.67609763	3.1841896
0.32191524	4.4835463	-1.1416475
6.074262	-0.26327762	4.3920765
0.73698854	-1.154783	-3.1434114
-3.3725717	-2.8433654	1.3905995
0.24432503	2.500809	-2.6520145
1.1840684	-0.74811757	0.3273923
1.1865433	-1.0593256	1.3674985
3.5464404	4.310621	2.2538319
0.32872757	3.7221029	-1.8781344
-0.11167315	2.6009183	2.0842361
-0.84361964	-2.1925611	-2.3184443
2.200427	0.32342556	4.176866
1.5209439	2.3176568	-0.26980805
0.8328609	3.4170406	1.1590391
0.106792316	-2.1693249	-0.80637217
2.5083354	2.2616582	1.5305278
0.026097674	0.24073198	0.16408072
0.32199043	3.6281834	-0.99430555
-0.08495127	-2.827289	-3.2512922
-1.366882	0.16276558	1.7569377
-1.3886771	-0.80981493	0.8515025
-1.7400111	1.661275	0.5504606
-3.9606993	-1.4867172	0.43584034
-0.091831975	3.397737	-0.9792383
-0.7597942	1.8078407	-0.96512043
2.4057443	-1.9761977	2.7889972
-1.6956062	-1.7110544	0.6302019
-1.5749592	0.39584514	2.8931756
0.7395544	-2.1464558	-2.3307092
0.67994654	-1.5366511	0.11905524
-3.6049197	-0.96031785	-0.32779717
2.7788832	2.6755471	1.0531536
-3.179468	-0.42982695	0.98705953
3.0564358	-1.9218522	0.3061936
-3.644068	-0.7881752	-0.47125763
-3.2739208	-1.1365931	0.48757318
0.5963649	1.6130365	-0.44374695
1.8982446	0.25358024	1.3721104
-1.6352364	-2.4731731	0.37826127
1.3256106	-0.04782717	0.27882132
1.9220072	2.0138144	1.0554665
0.3364588	-2.5278761	-0.793139
-1.6208123	1.4694763	0.46865368
-0.98573476	2.6225188	-1.078823
-3.718591	-1.1956097	0.09084002
1.4693098	3.8417819	-1.6582618
-0.07113229	-2.679598	-2.4978182
1.4105834	-2.2204516	-0.33747476
-1.4851962	2.2120516	-0.6853533
1.9803553	-0.45989266	0.50619227
1.4863569	3.056838	-1.9140093
-2.4994164	-2.2287564	2.4927855
-1.5169599	0.8392912	-1.6664641
0.79452014	3.1221204	-1.2653965
2.2767863	-2.0953991	1.1810716
1.3257163	-1.4528948	3.3871353
1.138099	-0.9607742	0.7339923
0.9193544	-0.21876594	3.1217558
2.6047602	-0.53419304	-0.47542983
4.4093323	-0.07649553	2.4176269
3.4277134	0.19148235	3.1430593
4.9274955	0.45783755	1.1813533
-2.7004976	-2.5524836	-1.8169723
3.0999768	2.700002	1.1588941
1.5443186	3.0425682	-0.21761012
2.732988	3.616195	-0.6303517
0.3557238	1.525137	2.2059307
1.2966189	3.7742639	0.6179979
2.1053429	-0.086398974	-1.739719
-3.1851373	-2.6904974	2.1424947
0.47810313	-1.7212554	-0.12599695
2.8218167	0.65424037	0.30187964
-1.2460636	2.5368135	1.1788349
-1.1980485	1.5498745	-0.9563304
-0.6978538	-0.52201635	-2.3991833
-1.6669806	-0.8761452	3.1868527
-3.098955	0.59583145	0.24621114
-1.7450594	-0.4784896	3.2079887
-1.6527169	2.8823729	-1.1970247
-2.4190016	-2.134627	2.3679662
-0.76089054	0.93714076	-2.0444252
2.5108364	-1.5500177	2.4370537
1.6000139	-0.32047892	-5.1939425
1.2131442	4.0153456	0.7718424
-1.5849872	1.7643762	1.3641318
-3.1238654	-2.3178806	1.989458
-1.178866	-0.08489304	-0.36049366
3.536893	-2.981204	2.392052
1.6311514	-1.1785455	-1.3611374
3.921061	1.046186	2.6147978
1.2768136	-0.19219108	0.14569242
0.5515155	0.6455295	1.6261421
-1.5479052	2.0818043	-0.33459052
3.0958693	-0.2069113	0.09915594
-0.7718957	1.1475562	1.0151212
2.9514213	-0.27054635	2.5416117
3.5251117	-0.88456964	2.5854046
0.9679759	4.320872	0.88580614
1.1184764	3.011348	-1.3015386
-1.2272671	2.0166883	1.8773819
-0.24106017	2.145796	-2.5381935
0.5729832	0.1478378	3.2494206
2.689844	-1.0024912	-0.8736102
-0.7918902	-0.20467767	2.956009
0.21559699	-2.8900208	-1.1231704
0.3058139	-0.026114924	2.4811997
1.4973679	3.424048	-3.0901694
2.6177747	-2.3974788	0.97553355
-1.8631699	1.2002304	1.1831815
2.605149	-1.7648417	-0.06904899
-0.23788086	-0.5392237	-0.13820893
4.446175	0.7738381	1.9189966
-0.4275874	-1.392486	-4.434814
-3.7773197	-2.6321	0.75422883
-0.9515746	3.7354362	-2.061544
1.8092823	-0.2908109	2.950845
1.8230258	-3.9137194	0.06895402
-1.389295	-0.99258447	2.7042005
-2.483797	2.1344867	-0.92758316
2.7291114	-0.06517511	4.05857
-0.2679215	1.4805471	0.23093605
0.41111192	-0.79437035	4.03954
-0.44371083	-2.0200255	0.20672297
-3.1171224	-3.2610397	1.9580115
-1.38633	2.985005	0.72470117
1.1399482	2.9235942	1.1987466
-1.8084494	-3.5764065	-1.6330421
-0.8166844	1.468514	1.7753536
-1.2013961	-1.1880553	-4.084407
0.17351887	-0.3348655	3.2212558
-1.8899919	2.8445494	-1.7537963
1.1716954	-1.367079	4.8410387
0.9132228	-0.5656234	-2.944995
-1.2857841	-2.3510535	3.461275
-3.103417	1.1418278	-0.02073834
0.6396123	3.832406	0.088757515
-1.0070083	-0.5888213	-3.2689667
1.4680687	3.579545	1.1137042
2.6800928	0.53630847	3.951004
-1.487813	1.7934173	1.8683473
-2.0449708	-0.36093318	-0.60568935
3.5311992	-0.4978139	4.2115808
-1.4152911	-1.4488748	-0.23291065
2.0800767	-2.0894027	3.2052813
2.539921	-2.841161	-3.3399546
-1.2945567	3.0375657	1.0301884
-3.339798	-0.6388205	-0.23963012
-0.8174432	2.4337425	1.5247077
3.4143608	-0.6891789	-3.518556
-0.26674855	-1.8440591	2.105503
0.22611517	-0.08109281	3.346017
4.189917	-0.7010373	4.8534656
1.0490197	1.898523	0.012843984
0.7258551	-0.04572203	0.011327619
-1.4388545	-1.1676711	-2.3591456
5.132576	0.32596502	2.6475477
2.5314407	0.4989861	-3.4826508
-2.8079379	-2.0568528	2.6793056
1.6234603	1.215572	-1.2439159
7.92993	-1.2206091	3.1490211
4.9578447	-1.2852972	0.11869705
-3.0973852	-3.3384984	2.0418184
0.4264197	1.5574886	-4.264141
7.357996	-0.6763612	3.6015325
6.975184	-0.11692947	0.04505024
0.49784696	2.4738917	1.490474
-1.4575269	-0.24788305	-0.88275284
-2.7322516	-0.76972944	2.3353891
-0.11647115	1.8498499	-1.3250742
3.1598392	-0.39255044	2.9973116
0.18259063	-0.109390594	-3.4703553
0.7063146	3.8542292	0.99841255
0.30178654	0.83367366	-0.033287313
-1.1987535	2.9513583	1.5610503
2.1103742	2.3565655	-3.3198814
-1.014136	2.7115262	1.1481824
-0.6156182	-0.72385204	0.52269125
0.367989	0.17306687	1.1684107
4.1345863	-0.90653354	-1.4403037
2.3735754	-0.7561698	4.292381
1.5443045	-0.3173157	-0.04033652
0.20885879	-1.1743695	2.8141043
-2.610696	-0.45581844	-1.541066
1.4464703	-1.0644658	2.0635743
0.82978123	2.104513	-0.13610804
1.6765485	0.7085435	2.5956728
-3.8332267	-1.1359646	0.0021562024
1.504877	-1.3105135	0.3384879
-1.7747809	2.0029454	-0.5368153
0.86731243	-3.3091013	-0.3514659
-0.44256213	-1.2005979	1.8774476
0.67045015	3.9157858	-1.033842
-1.2719672	1.854025	-1.5777179
1.9251698	3.906566	-1.2997404
-0.71343046	1.6844643	-2.2187345
4.579977	0.43592843	3.9716747
1.1695759	-0.2826072	1.2537339
-3.027222	-2.1406112	1.6253854
0.689383	1.0319744	-2.556155
2.1176705	0.40263876	3.3307688
0.5846441	2.7391796	-2.4152281
2.3550005	-3.6809514	-1.9698137
-0.99620026	1.7720188	1.3733644
-0.6408754	0.460622	2.1433947
-0.9069044	2.830851	-0.32340857
-0.64223725	0.24659254	2.9144816
2.541289	0.72559273	-0.13246435
0.03638163	-1.0013587	2.3138232
-0.7248787	1.715626	-2.0393534
-0.41937923	3.7934303	1.0434849
0.3885997	-0.13875547	0.62591815
-1.7277967	-1.8382901	2.5889475
4.1356554	-2.71338	-3.584075
-2.94081	0.5578677	1.4028455
-1.5266511	2.174388	-0.29662138
1.2260668	1.7898221	3.9826086
1.9289043	1.2353325	-1.6530969
-2.9617672	-2.820378	1.399777
-2.2756832	1.7924224	-1.4846995
1.3259344	0.374762	3.7466884
0.23141597	-1.6661013	-2.893763
0.95762914	-1.2300752	-0.43799344
-0.08734352	1.4046443	1.0840031
-0.08395437	2.991677	1.9994088
1.1179334	-1.3346809	-2.2818396
-2.4692051	-0.01372378	1.6309435
-1.7037061	-0.30875957	-0.48576874
-0.874157	-1.0800111	2.2480288
-1.5503744	-1.0089746	-1.226494
0.96968263	2.4239683	1.102154
-0.07842728	-2.5126054	-0.24843149
-0.7568447	-1.4129969	3.4351141
-0.05769719	1.1384486	-0.33875003
-2.8191335	0.31582955	1.0481138
-1.8543446	-0.55742407	2.568045
4.0165877	-0.39624482	3.9236176
0.28959876	-0.6231096	-0.6120655
-3.7328515	-2.544178	1.2408072
-0.83250576	2.674354	-1.925569
0.92584074	0.76861215	2.0563629
1.9751501	2.8380494	-1.217128
2.7219298	-1.5963024	-0.60272276
-3.6516829	-1.6061945	0.35514152
-0.32158464	2.265388	2.174823
-2.869311	-0.3067824	-1.0520309
-0.3780655	-1.9351304	4.3637466
2.0510037	-0.5591867	-2.9022975
-2.600006	-0.33079684	1.3692207
1.1925291	0.48866516	2.2142708
-1.4956319	-0.6968824	2.9087138
-3.873392	-1.7734019	0.27444336
-1.5265235	1.4186877	2.7577572
0.35369322	1.7863386	-0.41918698
-0.7063284	-0.13075292	1.0463774
1.2182152	3.1082106	-1.2660742
-3.56049	-1.3074924	0.22176479
-2.004277	-1.784196	0.021304326
-1.5858983	0.36141077	1.8224596
4.1681013	2.5290577	-1.0757214
-1.8260641	-0.76278263	2.3454251
-1.2408382	0.26471254	0.4153995
2.2081807	-1.9157457	0.5970248
-1.2524323	-1.9575714	-3.3919196
5.104058	-1.2330564	4.113158
-2.842673	-0.7751113	-0.15917325
-2.4480233	-0.7588213	0.5075274
-0.93124855	-1.7153324	-3.2678342
-1.3753324	-1.2592721	2.892443
-1.7513596	-1.3811867	-0.41103876
-1.4085122	-0.61767036	1.3788028
1.0425568	0.32345882	3.235038
5.6014323	1.0100467	2.847929
2.3244348	1.744415	-0.31618327
-1.9476972	-0.027832331	1.5151799
-0.07241974	-0.59915715	-0.7453186
-3.5185063	-2.1834629	0.18560523
1.8359256	-0.5689678	-0.50636107
-1.3453071	-0.21063179	2.1333451
-1.5696747	-2.1864243	-1.6988558
-1.1164654	2.1230376	1.4180607
0.8321699	0.21694437	-0.49516013
5.6260934	1.744776	4.1130195
2.0794425	-0.8158887	-2.681105
-2.7452052	0.72545666	1.0428792
-2.6984243	-0.4965115	0.5738729
0.10083895	1.4844052	2.1333818
0.57946515	1.2553277	-0.94379944
6.756825	0.28578672	2.3795743
-3.777148	-2.3920555	0.3316094
-3.2594051	-2.251169	1.5680046
-1.7118022	1.8965399	-2.4179728
-1.4152478	2.0305882	2.154836
-2.2035854	1.4725255	-0.33599666
4.061602	1.1115441	3.876459
5.389001	-0.8072374	-1.8193175
-1.2581892	-0.8810588	2.8143113
1.1442838	1.1214055	-0.320838
0.62221813	-0.80027246	3.2108772
-1.7646791	-0.8601232	-0.04110899
-1.5797564	1.520428	2.0627964
1.256194	3.0273714	-1.9354535
-0.85987926	0.77624905	2.5458295
-1.3413506	-0.66188836	0.787133
-0.09897209	1.2000072	1.1500529
-2.086111	-1.4506992	1.305636
-0.6968429	2.9033072	1.559197
0.32691872	1.4406015	-2.2781403
-1.1367346	-0.45003793	2.0591853
0.31450722	-1.4052193	-0.19790475
5.6050615	0.46524933	4.9850564
-0.64432955	1.3817835	-1.8093386
-1.3306208	-2.4981003	3.0648582
-0.39458948	0.05975682	-0.7289617
-3.5687504	-1.4794507	0.20365356
-0.95060724	1.3825487	-0.15439364
-1.3722155	2.2698848	1.6991416
-0.31670302	-1.1401588	-0.9960416
-1.5492793	2.1833217	2.2537048
2.9108064	0.11186541	-3.897151
-3.148372	-2.219003	0.83108354
-3.6806724	-0.8766001	-0.6765357
-0.50980586	-1.2786498	1.3543535
3.49944	-2.1967223	-2.2062166
-1.7622668	0.78554684	0.5435068
4.476737	-1.9243737	-2.915241
0.46150017	-1.1495547	0.9308614
-0.116693445	0.7893545	-1.5904593
-2.098559	-1.7617533	0.8852666
1.549373	-0.334035	-0.975069
0.017596358	1.4168255	2.0798106
1.5592844	-1.0455511	-0.4783069
0.7661971	0.913434	2.6464882
0.053558953	1.183512	0.2653847
-0.55399776	0.87845737	1.3592744
-1.2739587	-0.3156814	1.1774647
-0.6266325	-1.0490065	2.6028252
-3.0777457	-0.3344855	-0.68901086
-2.1423612	-0.41325185	1.0544463
0.9974693	3.5385756	-2.250234
-2.8135307	0.98399156	0.7903136
-2.9508834	-0.67251587	-0.38163793
-0.2476709	0.9618749	3.0979211
3.2589912	-4.08178	2.5207622
0.36420226	-2.3421729	0.9962665
-1.5102553	1.2657583	-1.7959586
-1.6224592	-0.6164463	1.5711954
-2.716325	-0.30609643	-0.3861219
-1.7415296	1.9255815	1.4445764
2.3082974	0.042608064	-1.8923827
-2.43971	-0.3677376	1.5407553
2.7214103	-2.6415498	1.4804689
-0.3304463	-1.0658946	2.4687603
0.5431493	3.7975552	-2.2268505
0.5883291	0.85252166	2.787778
-0.21823503	-0.12706958	-0.58472705
1.0058157	0.36499268	3.3145354
-2.2671163	2.3668396	-1.6453232
-0.63018185	1.7026896	1.9342914
1.569593	-0.582234	-2.396635
0.58810633	-0.56095815	2.609055
0.8813915	2.6238987	-1.1569368
-1.2567756	0.8584305	2.80762
-1.9481789	1.4362776	0.1470411
3.7773294	1.4408479	4.060963
-2.3751564	-2.5831017	-2.2167785
-1.4489748	1.7613412	0.39456317
1.987831	4.0989842	-0.19054376
-1.5557272	-0.39259878	1.7360923
-1.5622619	1.0698128	-2.4500859
-0.8086452	0.3813645	2.0702295
4.583722	0.47031805	-1.0247922
-3.503186	-2.029633	1.3571534
0.3658346	2.918172	-0.69055516
1.34717	-1.8568246	-3.6525972
1.1209669	0.8106108	-1.0295503
2.033568	-3.8810363	-2.5953333
-0.6592128	0.10644041	1.2271941
-2.893002	0.499278	1.2147048
-0.42722264	1.4063379	0.27251825
-0.6401482	0.0357482	2.8274007
-0.6565475	-1.787348	-3.6785562
0.678069	2.0341516	2.6604626
2.9269626	-1.7730626	-2.9229255
0.26578745	2.1270998	2.297957
0.5134014	-1.2667971	-1.1354524
-0.99738014	-1.5614297	3.4394271
-1.4944655	-1.9839973	-0.16267312
-0.026239293	1.0568923	1.831298
3.9438355	-1.734454	-2.5158641
-3.1041524	-1.1595086	1.1684356
-0.42226592	-0.5704851	0.97314423
0.4145497	-1.132234	0.97009146
0.40805545	-1.2620636	-1.5975657
-2.961543	-2.0320282	1.293928
-0.618868	-3.4462578	-1.4824108
0.56196153	-2.9089572	0.258849
0.84300715	2.6379864	-2.7851765
4.607776	-0.3660711	1.9923856
3.5918155	-0.39767265	-1.1913255
-3.9956481	-1.1178281	-0.029285446
0.5958687	2.4639099	-1.6695755
-0.34744993	-4.303702	-1.1632081
-0.9833051	0.36008143	2.832407
1.5411193	-3.223913	-1.3108793
-2.4072936	1.2194902	0.12538427
-0.46519187	2.586586	-0.6061897
-2.3603942	-0.8221126	-1.1767049
-0.590832	-0.085343175	0.6513594
1.864601	-0.04208815	-2.5197716
-0.6748738	0.24954005	1.0017866
1.8771428	2.4260955	-0.2315317
-0.57798636	3.554355	-0.24047111
0.7172143	2.3196602	-2.1196465
-0.8028435	-1.3701278	2.1127431
2.7371259	3.8695407	-1.7722796
-1.5789133	1.479481	-1.0386958
0.25147432	-1.1614816	2.6539536
3.3534694	-1.1487732	0.98681724
3.5583568	-0.26112112	-1.3320184
-3.755436	-1.5784122	0.49524462
-0.39070976	3.5932188	-2.51858
-0.8801528	-2.6793687	0.9562606
0.073996924	2.546889	-1.9317498
0.8245306	-4.1739235	-2.7669344
0.01571575	2.6677577	-2.8370087
0.2129511	2.256408	-0.6359102
0.5453804	-1.5795234	0.059745423
-0.93721735	0.5047878	1.9486483
-1.1204253	3.6850185	-0.55479753
0.6982256	-0.38206625	1.3205513
-0.50503534	1.0242366	1.7921652
-1.6929374	2.8386865	-0.06914911
-3.5354152	-1.522888	-0.20839718
-0.57900965	-0.58994144	0.7891366
2.066848	-2.36953	0.8235827
-1.8933157	2.099819	0.59377724
-1.7540586	-0.58744615	-3.161283
3.7757914	-1.8386428	-0.023060674
1.9502786	2.812417	-1.7901108
-3.5941494	-2.3406858	0.1995123
1.3178089	-1.187175	-0.3021911
-0.9067585	-2.6079888	0.5788507
0.4178505	0.37624437	-2.262409
1.5549934	-2.9867187	0.094603576
0.8330148	0.49279055	-3.0252955
0.30692676	3.6492903	-0.39243656
-3.464675	-0.5902835	-0.30347174
0.082538925	3.2184792	-0.71685934
-3.4042492	-0.2519255	-0.06860422
-0.75514114	-2.5125287	1.8774072
-3.927191	-2.072211	0.35092604
-1.9086014	1.7679163	0.582016
0.52165526	-1.729515	-0.531532
0.6460366	-3.3691182	1.2075887
-0.3020454	0.75471044	0.91007006
-1.9275986	2.1410315	-0.08875173
6.0243034	-1.3529261	1.5248965
-3.486048	-1.9626552	-0.013694069
-1.54033	0.34934607	-1.6590922
-2.278622	1.5605104	0.6365989
-1.6548803	-1.7617054	-1.2649009
-0.31432182	0.13158713	1.5144453
0.7439121	-1.1953355	-1.9588975
-1.2611513	0.21360295	1.0498478
0.7637877	1.5708195	-1.6778103
-0.936497	3.415971	-0.26814395
3.9812696	-0.78968596	-2.132091
1.2409953	-2.7878792	-1.7024671
-2.480212	0.2781338	-1.6713809
0.6789884	-2.6034005	-1.5698742
6.2044897	0.5429832	3.2831385
0.5684383	0.115095995	2.6050277
-3.937327	-1.5856416	0.4714811
-3.8210688	-1.5081353	0.45812777
4.280462	-0.79775965	-2.8969097
2.00348	2.976685	2.5586395
0.9239955	3.4107862	-0.86775213
0.7893839	3.1729257	-0.14046666
-1.9172429	-0.7880916	1.2146523
-1.3733891	3.2849734	0.630671
1.1252038	-0.90630317	-0.527017
-0.7811474	-2.641857	-1.0551412
0.18012719	0.6101782	-0.31021407
-0.85580295	-0.9288188	1.8002697
0.573451	3.2381506	-1.6816896
-1.264313	3.294261	-0.12186124
-0.5943332	0.048493516	0.16366565
0.020449463	3.6283731	0.7686579
-2.9310095	-0.41587427	-0.8437032
-3.7519736	-1.770525	-0.026157828
0.69801015	-3.6843097	-3.153183
-3.703	-1.879977	0.025745627
-3.6201131	-0.9030387	-0.64914167
6.0739603	-0.5922643	0.4256875
2.8957748	1.7425873	-0.77472407
-3.8275743	-1.7636569	-0.050316017
-3.1401184	-0.08956526	-0.24879232
-1.908344	2.480019	-0.5918665
-0.27345216	-0.2387711	0.99093443
-0.23900788	-0.15909803	1.6164683
0.5785868	-0.016190695	-0.022826055
6.656698	-1.2346817	0.19623677
-3.3919775	-0.51202744	-0.42271203
-1.5957193	-3.2492807	-0.16556594
4.582025	0.5245404	2.9634025
-0.42800075	-0.33187774	1.1481189
-1.6158359	-1.5373197	-0.94266385
0.45648617	-0.951205	1.8703991
-3.1662486	-0.51587266	-0.82205486
-3.5441122	-2.5744703	0.34355438
-1.1541377	-1.8794935	-0.51124215
0.018615458	3.398253	-0.5680501
-0.86305434	2.3892405	-0.85862195
-0.36396104	1.5350239	-0.41239768
-0.74980843	-2.808256	0.14339335
6.0861526	-1.5556806	-1.5264956
4.0775337	-0.8126307	4.579855
5.168884	-1.671701	-1.4197093
2.8832643	1.1207908	0.5934566
0.39948547	-4.1936817	-0.31398126
-2.6776373	1.3309579	0.55862653
4.44446	-1.0534068	-1.5410148
-2.3940947	2.2842164	-1.0222851
0.90428376	-0.36682257	1.3230543
-0.046681024	2.0077505	-2.0643835
-1.458076	3.1287918	-0.4472531
-3.8551898	-2.2838347	0.35875753
-1.3026623	-2.8533745	-0.4120646
-2.1819324	1.6800625	-0.34533578
0.4245351	-2.9626641	-0.6339682
0.008971302	3.5710697	-0.89396095
-1.7467649	3.3929632	-0.29138768
-0.84122753	2.106085	-1.2329881
-0.5731291	-1.642389	1.5635682
5.136832	-1.4741757	-1.6575017
-0.8693032	3.7288747	-0.027219923
-2.003163	0.8779484	-1.8196082
0.030076021	-1.3818809	1.5843151
-2.1176496	3.0118954	-0.07289752
-1.1424466	3.4280179	0.32935864
0.5030641	3.643738	-1.2498643
-0.98258066	-1.4402505	2.0583355
-2.8219566	-1.2517843	2.017259
-0.9287561	3.5801127	0.31016532
1.0827446	-0.37487474	-4.3056283
0.48384842	-3.643112	-1.5201635
-0.040781714	0.88233495	0.18273391
0.5653932	-4.262927	-1.7697594
0.09183701	-3.0336177	-2.9936974
1.046747	3.68653	-0.12459295
-1.5648353	-1.6304045	2.0877783
0.65731585	0.88400906	3.383827
0.9271331	-1.7963415	-0.9546523
-0.71609783	-0.33971342	1.6677492
-0.7750881	2.6882374	-0.2864278
-1.8598193	2.1322677	1.0767137
1.5116012	2.808691	-2.1604931
-1.966693	1.9445399	0.20328344
3.3124828	-1.5876393	-0.25256124
-1.7497808	1.9780724	1.4860176
3.9190812	0.9264207	-1.5964837
4.465547	-1.9368627	-1.5635511
-2.2190065	1.9600242	-0.8665816
5.1639614	-2.1732469	-1.5661416
-1.0625303	1.7896271	-0.99150586
-2.0557234	-2.1939282	1.1926345
2.0652597	-1.5357711	0.024694657
5.512925	-1.6966274	0.704676
-0.13599771	-0.75273436	2.6592062
-1.4216324	-1.3640459	1.6107067
1.0999327	-2.4264672	-2.2021418
-1.3969538	-0.40017566	1.1483097
0.08436597	-1.8281933	-0.74320227
-0.25318104	1.0724825	2.0486577
-0.5672033	0.17934418	-0.46923578
0.1528302	-1.672789	1.4633163
2.160025	-0.9075626	1.2911137
-1.92578	-0.9328738	1.5621886
-3.1262608	-0.037804518	-1.0211803
-3.708529	-2.4292462	0.3219264
-0.6933715	0.003329877	-1.1206548
-0.6247912	2.8531575	-0.11295457
1.8371097	-1.5475588	-3.450991
0.12363009	-2.6061454	-0.4104057
-1.4440536	-0.39789638	0.053178478
-0.53775567	-0.8158486	1.8182293
0.08675471	4.1645074	-0.23965909
-0.9327221	-0.7460002	1.7906868
2.5972729	-0.77818257	-1.1628513
2.9993432	-0.3228719	1.3021022
3.198695	-1.959668	-2.1993866
-0.43688208	-2.6723247	0.2723685
0.27716622	-0.48017025	0.28928733
-1.5013385	-0.3670277	1.9651158
-0.44256786	0.93521976	0.18207233
-0.30181444	2.779328	0.7653987
-1.4284513	0.7897862	0.03143076
-0.14977935	-2.8616533	0.09756984
-0.7509484	0.26439965	-0.12022425
-3.7210934	-2.4853766	0.5475106
-0.6554947	2.386087	-0.9966273
0.7726777	-3.676331	-3.134973
-1.0828241	0.77291197	2.2381399
-1.362826	3.9673495	1.0280397
-1.625717	0.09604419	-0.13483311
-1.8800471	-0.65235543	1.959845
1.0895494	-0.067835905	1.913079
-3.1718023	-1.9867662	-0.030713458
-3.707254	-0.6626188	-0.43888792
-0.9874987	0.071192645	1.2986336
-1.4472817	0.7667497	1.8199064
4.213548	-1.3544232	0.3469861
1.083946	1.7093016	-2.9306662
-1.9867893	0.1659394	-0.18386328
-3.4354453	-1.2709599	0.104893185
0.10349853	-1.1320142	0.15833385
0.50525194	-1.5553212	-3.0136807
0.010452015	3.230909	-0.45707223
1.8934832	3.3786716	-1.8084658
-0.5684689	2.8325107	0.90560365
5.6829686	0.66137695	1.9882636
-0.41266617	-2.1591942	0.618117
0.9375762	0.5578222	0.1576531
-3.3799434	-2.561146	0.33493176
-3.3935378	0.62196594	-0.2911216
-0.23852412	2.9613848	1.0155091
1.9443572	0.8344744	0.29878265
-1.7037318	-0.8558044	0.72620106
-1.1731	-0.9761305	-1.9586768
6.3463974	-0.9731474	0.06370267
-3.2648988	-0.6630807	-0.7640486
-3.758437	-1.5354401	0.7283302
0.10651889	0.9856236	-2.445291
0.049377993	-1.0668646	-0.45878792
-0.9211558	1.5385212	-1.7774811
3.4278593	-2.396902	-1.5621996
1.5336894	0.1177339	1.1758891
3.851498	4.1006813	0.33833233
-3.2365053	-1.6780376	0.24150005
3.116426	-1.1073744	-1.1322622
-1.6611601	2.8780353	-0.121383406
2.0586874	1.9689157	0.7343278
-2.2449956	0.77251077	-0.60013086
3.0424774	3.6766975	-1.9852827
-2.37506	0.6142679	-0.47890988
0.4515641	-0.53553724	-0.24727897
-1.7716786	1.9835693	-0.06776741
0.3198185	3.881989	-1.9386007
1.3734254	-0.73337334	1.4374754
6.8149376	-1.5546166	-0.0902298
-0.82066953	2.3903868	-2.345084
-3.0297537	-3.3873568	1.7646528
-2.5292883	-2.8628714	0.8471601
-0.3850292	-0.461978	1.1190565
0.0725396	-1.4948298	-2.2935948
2.0887172	1.4068382	-3.239624
-0.9874959	-1.6273655	-0.69450164
0.3764195	2.678803	0.77641314
-1.7759525	0.32204652	0.7682013
-1.0596049	-0.14321263	2.088293
5.002605	-0.5885239	-0.9061007
0.5625839	0.029554898	2.295527
-0.63627267	-0.8705914	-0.342372
1.2432529	4.255774	-0.56329566
0.532549	-1.1918868	-2.3239062
3.8476338	-1.755033	5.241666
-0.43065214	-4.962413	-0.9693755
-1.1726187	-0.8909754	0.5207328
0.6993323	-0.086828135	-1.2464669
4.8941474	-0.17434387	0.51240927
-1.3503022	2.1693482	-1.037116
-4.0390744	-1.1568704	0.6469692
-1.2939531	-2.64903	-1.1995827
-1.0602198	0.5581384	-0.5461016
-0.16857718	3.027034	-0.75485075
3.1454031	-3.5731525	-2.2125177
0.24783131	3.9292297	-0.66233104
0.7192795	4.019984	0.24516211
1.4802682	1.2860658	-2.3140106
5.036223	-2.5708141	-1.3814961
-0.58868647	1.2755033	0.636897
-0.18173312	-1.2490553	2.7862642
-1.891083	-0.62780106	0.85088545
-1.4496529	3.0965846	0.9508971
0.5408382	1.11177	-0.45468426
0.40411812	-1.1245714	4.0751567
-0.9330005	-2.839428	0.45497674
-2.2429667	1.6927309	1.6573538
-0.24061713	0.11463983	0.2481103
6.8136797	-1.0824386	1.7986966
-0.10693338	-0.32102782	-0.23136833
-2.3869317	1.8522445	0.17565095
-0.38864785	-2.2744205	-0.92586666
-0.31168088	-0.30932942	2.2044945
-1.8518217	-1.0830946	0.04606064
-1.3654969	3.313083	-0.84358823
-0.293988	0.058521174	-0.7399829
-0.9537509	3.3854601	0.21334596
-2.848467	-0.98455834	0.4931769
6.2028384	-0.6474339	1.1394428
-0.8780945	-1.0535398	-0.41923657
-3.2582445	-2.3474872	1.8647268
-3.7592268	-1.4902864	0.2772707
0.47451445	3.5358686	-0.17047411
0.40750504	3.4878678	-1.7939509
0.86155754	-1.4782068	0.6180313
0.40875623	-1.4379374	-1.1456112
-3.0002813	-3.3761704	1.4099603
0.8065471	1.28602	-0.07669606
-0.060810383	-1.3336561	2.5033035
0.9742005	0.70778054	-1.2389091
-2.0012448	2.6781626	0.59712183
-1.197052	-1.4241688	-0.1989767
0.7792702	-2.90263	-0.12962796
-0.7458121	2.7946486	-1.6438999
1.8042464	-0.33736378	3.5600045
1.5115798	0.9878443	-0.5833309
-0.031563766	3.8748932	-0.36970866
6.5788474	-1.7144644	-2.102305
7.1219482	0.26821017	1.817056
-2.7371545	0.89348245	-1.1349691
3.1550777	-4.114281	0.53062046
3.848918	-0.9401363	1.2151766
-2.1831908	-2.0493538	2.2625644
1.033411	2.4276965	-2.466868
-0.958665	3.3184197	1.4346576
-1.0189695	2.7166526	-1.2831491
1.039872	-1.8218884	1.8943678
-3.6665611	-1.3620111	-0.21200423
-3.0392468	1.0856595	0.14857413
-1.9071115	-0.7700533	0.22545853
-2.0227277	2.177052	0.29845303
1.5255495	2.3018253	-4.724882
0.5277719	-2.6861575	-0.10856904
-3.745444	-1.0097654	0.12231102
-0.16955945	-2.029666	0.7514173
-1.4456872	2.7186077	0.9856497
-3.9362433	-1.4101454	0.23746312
-1.0883101	2.306652	-1.5609633
-0.8608797	-2.5135298	-1.0304991
1.2670641	1.9646959	-1.385424
-1.607728	3.093752	-0.7621761
1.1997867	2.5454755	-1.3828859
-1.4768455	-0.6428921	2.2630663
2.411263	-0.90994877	2.5918493
-0.42433602	4.037736	-0.17873408
-1.7683973	-2.3799622	1.1120678
2.4602365	-3.1756144	0.8022025
4.0932517	0.64146113	3.7506967
0.68709093	0.91370654	1.2468404
-2.591804	2.0867999	-1.5489208
0.43549636	-1.3256632	-2.5573938
-0.991228	3.0666866	-0.010115706
3.3890855	-1.3896346	-4.220463
-1.5019357	2.163618	-1.366512
7.5902457	-1.8179681	3.0392618
0.6398061	-2.977253	-2.2029407
1.659553	-0.87670135	3.2926824
-0.16468126	-2.2823303	-3.1841242
-0.119978294	3.3058453	0.6576587
-1.3204391	2.518513	-1.5569553
6.186568	-0.20052104	1.095209
-1.4278421	0.1981714	1.4883362
3.2175114	-3.3435376	1.7887185
0.6141938	-1.1693814	0.9051155
-0.76782876	3.052972	-0.33408827
0.6651791	0.018845666	-3.2634497
-1.270758	3.104721	-1.0619725
0.2977398	2.86473	-1.3278482
-3.925252	-1.8348356	0.7246009
-0.4675306	-1.0453366	-2.065315
3.4568343	3.718595	-0.726295
3.2304451	1.1414026	-1.1370444
1.8302273	-2.1632166	0.49610075
-1.1333698	2.4202006	-1.5626783
2.145657	4.2041388	-0.95378834
0.6623281	2.143627	-2.9991868
-1.0288427	0.78915447	1.9663776
1.3693227	-1.0076778	2.0977523
-0.61190075	-1.1260247	0.32148483
-2.8668218	-0.62819356	-1.4159588
-3.541123	-2.2432988	1.3866371
-1.5016928	-0.5179581	0.011707022
0.4414629	-1.1683059	2.9365277
-2.2071757	0.84123963	0.34938303
3.8851452	-3.02404	0.6075863
-1.3201804	-0.14760935	-4.047882
6.4252825	-0.0047746594	2.5470464
-0.19756995	-0.24604659	-2.316864
4.4165187	-3.066644	-1.6207272
-1.6168569	-0.4419241	0.57372683
7.754877	-1.2067767	1.6218828
