-15.185616	3.0022788	5.6904655
-6.1175933	3.0749679	-11.576126
2.5072935	-11.071209	-0.796852
2.3441732	-5.163592	-4.032386
4.171665	-9.824032	-15.516602
7.2023606	10.488687	-1.1815999
-0.19910158	4.5421586	21.294588
7.631034	16.146854	-0.37093973
-7.2651176	-9.773115	7.77339
-10.65868	-7.0399437	6.4141946
-5.0850167	-1.0832442	-9.055525
-15.839808	-6.761869	1.052486
-2.0637863	1.3139184	11.682005
2.028174	-2.041285	14.554919
5.1733694	-2.0556448	19.764437
-14.44077	4.3653636	9.498545
-8.639815	-12.742983	-5.1162996
-4.418527	-0.46063063	-11.290503
5.7322316	9.907335	-3.2981899
6.8571253	-3.8305466	2.719068
1.2473712	-6.96649	-14.755223
-5.718583	-16.073402	-7.103142
8.8021555	1.1368402	-6.6069436
-1.3139348	9.778314	5.465284
10.471762	8.192418	-8.716159
5.251243	-4.6348085	-13.671858
-0.69609296	3.2979753	-5.5886455
9.313611	15.289268	-3.141563
9.279314	2.2888544	-2.305733
8.900023	11.6052065	-7.090332
5.4586964	-7.1812263	16.585873
2.9281802	-10.41255	-4.502772
7.798974	6.567777	-5.081314
5.5539756	-7.08097	5.206139
2.876672	-7.205113	3.3260279
-7.1782804	4.2727566	-0.5191646
-4.931987	1.3141266	1.2776266
4.714899	3.0015814	3.106284
-9.092879	-19.588928	-6.7241325
9.305366	13.042061	-9.870128
8.648406	9.495648	-4.7693486
-5.440606	3.7714438	18.182787
-14.076629	5.475847	10.695411
-2.144721	-0.899197	14.755607
-18.41888	-4.4127836	0.7357771
7.5029335	6.7603607	-2.639171
-1.2818447	4.1564455	18.696018
2.1126328	-5.1109724	-14.821596
-3.6483681	0.02787198	-7.372391
6.789354	-0.25625828	-14.905619
1.515038	-11.088117	-13.218997
1.4617558	-8.870546	-13.005573
-1.6025524	5.629178	19.001904
10.487317	14.878302	-6.4510827
6.7362623	-3.4372017	0.3092459
-2.8635848	3.6449895	-10.474899
-2.2089772	-3.8652525	-10.062157
-9.03553	3.137372	-5.481475
2.0482552	-11.540059	-14.344592
4.867282	-15.689983	-6.70993
-10.16927	-3.890043	5.8140783
5.45129	1.1402793	-2.9725127
3.467537	-5.9214234	14.676084
4.993858	-8.981756	16.26704
3.146484	0.3028062	-11.70963
5.3294797	11.687301	-2.1905744
-4.4064803	3.612421	-11.736344
0.89442503	-6.979836	-6.9624457
7.5464997	6.162944	-1.0732867
-0.17814054	-18.551685	-3.5663953
5.7628493	4.99768	-9.562492
-7.438096	-16.423437	-4.6121106
-0.15057962	-3.4300942	-3.4434397
2.9588532	-10.548847	-15.29909
-6.2891073	-19.56841	-4.262075
7.377052	1.9740276	-13.560873
8.25334	-2.7369328	-10.6431465
-0.95754004	5.1628	-7.022386
-2.6372309	-18.109627	-0.8200435
-17.76761	-3.3492591	4.6043615
-8.611267	-17.127012	-7.3201065
3.7883313	-11.637445	-1.7427548
-6.9150405	-8.094022	8.89241
-1.2572392	8.034579	21.224863
-15.418163	-1.936743	-0.040191963
-3.120908	1.8737892	15.095285
-7.801483	-16.745762	-6.160125
1.9356833	0.18809563	20.151564
-17.101465	-4.8627906	-0.12396002
-10.689238	3.6796615	13.875469
-9.976621	-2.6343398	10.138612
3.706246	-11.902828	-7.4711814
4.9639473	-1.9088248	3.155605
-12.6761875	5.5734887	12.704559
3.5301921	-6.49289	-12.299898
8.757275	1.935764	-1.860712
4.273148	-6.334659	2.6743896
-6.6690536	-20.872086	-6.4027324
-8.079846	-12.750473	-6.0468974
-5.1121793	10.006188	4.053257
-8.668404	10.097827	-0.61191803
0.7209302	0.010757571	-7.528889
-2.4139824	-20.96043	-7.141998
-3.647826	-20.7495	-5.3873243
7.518368	0.96715677	-0.9964496
-0.2965122	11.691619	9.365421
-8.109982	-16.377394	-4.8376083
-14.556137	3.435755	13.379472
-3.3950872	8.722791	19.702133
-3.2116828	12.571663	6.789666
-1.4212791	11.9042845	9.12614
-7.99924	-1.5986581	12.382741
11.005598	5.565017	-4.621495
4.497483	-5.546144	-5.408478
3.2475188	-10.304348	-6.26917
1.3996977	-15.13463	0.07680146
-10.061972	-6.6782107	6.283931
3.4645295	7.2673435	-1.3940265
6.560399	-2.3246458	1.7059416
2.173567	6.920628	22.67768
-0.72299707	-5.466901	14.852129
-0.621284	-0.49313787	14.112553
-16.753027	0.84975153	5.281175
5.2416143	-1.9365503	1.3727216
6.6720138	13.362086	-5.169547
1.4112011	5.4775963	-4.4060044
-0.027793046	6.9994063	20.699574
-0.67018926	-4.252503	-2.5973094
9.467795	6.1171494	-12.931921
-4.664722	-18.100668	-9.575349
-3.001113	7.2009406	8.5557
4.8988724	1.7098151	22.213198
1.3231455	4.1542134	21.52903
-1.2507176	-7.452875	13.544465
8.584584	-1.2916968	-0.3172972
9.721698	13.856807	-1.9754493
-16.179567	-6.5194473	2.2978282
-0.6193947	-16.401028	-0.336187
2.7012146	1.5621244	21.38484
12.682074	12.227917	-4.4548397
8.152415	4.05073	-2.7175143
-7.834932	5.8586917	16.172861
-9.141322	2.0132048	14.662552
-7.4619646	-14.736858	-8.530951
-1.3469869	12.655548	5.7812676
4.610247	-4.5249796	18.152655
-2.795037	-19.028923	-1.677142
13.3161335	10.84552	0.477334
-2.0590978	4.708848	8.8980875
-4.5672827	0.2251271	-8.943293
-13.434001	-3.5796976	0.98962736
-7.679783	-15.474749	-10.390972
-2.300989	6.9680805	8.884504
-6.213169	3.3660092	16.911055
-4.6019406	3.7243137	-11.575528
3.0965767	-4.441221	15.027634
-6.650835	11.565335	0.5530733
0.98261786	12.167286	-4.555745
6.2497706	2.8098543	20.447107
13.765529	11.858036	-6.595286
2.4739127	-6.9444237	-12.6301565
-1.6295828	7.2239866	8.244664
-2.3078718	6.4282093	20.131605
-5.201327	-18.515818	-2.445555
-0.3589875	-3.2260227	-2.8485312
3.1204762	0.9329315	5.1302013
5.306082	0.9980741	4.374795
-8.236846	7.316139	16.299286
-1.2975022	6.745777	-8.673206
14.216888	12.659748	-1.5054922
-8.2268095	-17.91612	-3.1775212
-4.2139077	5.272939	-14.347002
-10.040428	-8.244319	6.6379395
-7.6953154	-8.48151	8.358329
-8.073243	-16.69007	-8.285896
-3.5838501	7.3205433	18.724857
-4.762076	2.2917726	-10.31534
-7.1398134	-1.9437714	10.720529
-0.64774144	9.977225	9.448906
14.324359	9.871761	-3.1720035
-0.47794476	-1.0426378	-5.7755117
9.963853	6.059045	-12.749413
-1.6012973	3.6622877	10.731753
6.4010553	-1.0025318	2.538303
6.31243	3.9851336	-1.9893224
8.673438	6.276487	-0.7191326
4.5474315	-9.792093	-15.350633
0.1596916	-3.6582084	-0.010435552
8.897406	8.04465	-7.223043
-2.3707013	6.2040267	20.06854
4.668012	-5.068133	-13.220614
-2.262618	1.3953217	-13.261198
-9.247035	-6.8767114	10.064966
-1.826197	11.057046	9.522838
12.675618	5.209231	-3.1690557
-1.2170292	-17.216988	-3.6436014
-5.152793	-19.523016	-6.202951
2.1591241	15.07873	-2.5514624
-9.450756	-3.0040078	9.810091
6.1369677	7.6732664	-3.3201005
0.61400455	-9.8961315	-4.93666
1.3345902	0.46410513	19.073158
2.1405973	-6.5610027	2.6223853
8.180954	7.9675746	-3.0524507
5.4779816	6.0701656	-3.8522117
10.721787	8.612504	-0.81618834
-0.60538703	2.7042835	-6.3944383
0.14879388	-3.5800672	-0.26048297
-13.563289	0.69785583	6.6275597
-1.5897452	-21.029745	-5.8878527
3.0576236	-1.6205189	18.398712
3.4277189	-8.029952	-7.3777046
-6.9220963	6.132214	-0.40998298
-12.296025	-4.7314606	7.4522185
-9.511503	5.957704	-2.036643
5.069879	-5.39932	-4.6507735
-0.3015199	13.946485	3.5022204
-4.803243	-2.3609896	12.071246
2.741763	13.020263	-1.3351529
-1.4331908	-2.7605147	-7.557245
-5.712304	13.321841	1.8286567
-8.380423	4.0004234	15.810836
5.7548075	-11.203442	-16.148468
4.1128616	-12.000013	-8.717329
-7.644509	-2.119777	10.7940235
-2.9680371	4.0224257	-13.706553
0.10954764	13.684646	5.8832116
-11.012122	2.9662793	8.694242
13.342772	7.4841237	-6.326404
2.5996788	1.986913	20.724215
-0.42632535	-6.008623	12.982491
5.4692464	10.58239	-1.1678041
3.4925234	0.73216254	-10.639433
-5.41274	9.315802	2.6492302
3.5060124	13.2206135	-2.497086
6.1893673	3.4210265	1.0855125
-1.4334879	2.922989	10.161242
-4.072853	6.728811	-12.86178
8.926082	9.448262	-2.3672683
9.929514	2.2515924	-7.208737
9.432942	4.370892	-7.238236
11.885448	13.885662	-4.5934196
12.368601	9.925761	-6.8217735
3.142118	0.15076545	-14.963293
-2.6904771	1.9501592	11.371375
-3.0356135	0.42147705	-15.119891
-7.4360514	9.056042	2.5783334
6.2027197	-13.158696	-1.944412
2.6011987	-10.842474	-14.751974
-6.930432	4.629615	13.97153
5.9815235	-13.116512	-2.2071316
1.4734217	-8.627617	-2.5257506
1.1372008	2.1063147	-4.1384764
5.658135	9.85715	-4.318683
-9.946908	8.618339	-1.4818927
9.329141	4.2253795	-7.2175646
2.6312006	-2.7186987	1.8614984
-0.92867845	-3.8444655	14.182546
-11.304551	1.309463	12.098963
5.4773455	-15.1979	-7.9522176
8.2013645	1.362166	-3.3909104
6.449915	-2.1397257	-6.4191923
9.916067	4.3501167	0.72775066
6.120745	13.862545	-7.24916
11.360811	12.751273	-7.6210403
-1.1984571	13.239298	3.9953637
7.462194	14.443824	-2.4439776
-9.397172	-3.245032	7.140307
1.2516332	-5.646887	-15.775732
0.8933549	13.196471	-4.955511
4.588802	-0.07509655	16.775103
11.941228	8.244739	-8.835273
-4.12354	2.2546918	-12.728604
8.154761	12.706062	-8.022956
-7.0302815	-10.065363	6.549214
-4.7744503	8.886972	19.159485
14.30711	12.698999	-3.1382039
2.6638634	-10.671877	-0.7691565
0.3294201	-17.755272	-2.4144173
2.3712995	4.1086903	23.115837
5.420576	-5.1051474	6.042373
8.029067	15.562752	-5.628064
-6.168877	-3.1434445	12.7840805
-6.681854	-19.831383	-4.4013367
-12.752497	-0.23137544	5.9035873
-9.255205	-16.574186	-4.649139
5.0114803	-8.056154	-4.1417055
6.5428524	-0.12884568	-14.921209
-1.8535252	-0.3950077	15.760812
1.9437208	14.76595	-1.2314551
3.808357	12.959395	-3.0615385
8.34961	2.9537039	3.0977871
1.0001888	-6.976615	-1.3784665
8.071386	-3.9631274	3.4614608
1.9211699	-2.3278098	13.837879
-15.573877	4.563173	8.641521
7.633253	-2.8826535	5.5968266
9.597756	11.894746	-2.7262604
-8.605482	-19.960274	-6.934041
-12.767174	-2.8247614	2.9255328
-2.215273	-6.8423843	13.337283
10.791743	14.526192	-3.5282722
0.26101542	0.19449832	-2.8108656
-6.1245275	-8.650055	9.160509
-4.1548476	0.87723523	-14.103984
2.7780445	-15.63395	-2.8601182
7.207859	12.431477	-5.589342
-1.6610581	-17.12058	-3.1074026
-7.628917	-20.466816	-7.2035594
6.5157537	7.8051763	-3.02041
1.6441257	8.081369	22.33679
7.0427613	15.91692	-1.982403
7.129256	16.109726	-0.3763458
0.6252538	-9.838203	-5.2282643
8.16662	8.38826	-5.727382
4.8568068	-1.706391	-11.061871
4.8944545	6.205777	-3.9935203
-6.2388372	7.7097206	18.63187
0.61173874	12.412992	-4.9472713
-0.6682977	5.3760004	21.523623
3.925807	-4.958569	14.7849245
-5.1321354	-1.6530699	-9.044963
-2.4527347	6.824786	8.119738
1.124076	-7.2158065	-14.343879
7.247282	-0.40106973	-10.956997
-1.3043557	-3.7226884	0.9083504
0.3027297	-10.265583	-5.9252687
2.5412652	-8.711183	0.13758591
14.470408	12.812351	-5.2116637
-3.9188416	3.7666764	-14.85865
-5.3967147	-21.370462	-6.5903
-5.292524	0.44750935	-7.3390613
5.702387	-11.07715	-13.449723
-9.115272	5.0288777	-3.0320942
2.7830179	-6.6090264	-13.038844
-17.669403	-3.970874	-0.18274331
-8.430706	-11.253887	-7.246589
-13.110141	4.3624253	14.28615
-5.2023582	-1.3177533	-9.098993
4.6914554	-8.175208	5.1396203
-2.4350417	7.7459655	21.262697
1.7818778	1.2985973	17.545938
-2.884817	8.10223	10.610518
-1.1773303	-1.9289091	13.111909
7.8454814	2.8648942	-3.4311273
-7.535477	-6.03233	6.5095563
2.2716713	-1.4698585	2.2750847
-2.1491747	-3.9391441	-10.102826
4.8390193	-1.6224947	4.1916924
1.7752634	-7.9873204	14.871424
6.1896915	5.8382382	-12.376294
4.1166716	-12.262342	-8.108811
1.4048238	-16.562662	-2.4220803
6.7375684	-3.6920896	-3.0768306
-2.0211732	-3.1948297	-1.8038896
-7.7245255	6.0888457	16.004738
-7.383168	4.01592	-2.027826
0.11332758	6.0460815	21.751156
-7.04662	7.065369	-0.24266855
4.57924	-0.14712656	-5.4946003
-6.4863925	7.63808	15.965339
10.237464	4.243605	0.064788945
8.058382	-2.166854	-10.758071
-2.104367	2.2895951	13.910843
1.1800085	4.3514037	17.745049
-4.2262645	-20.866058	-6.555819
1.3383467	-0.14759018	18.273373
2.7536998	-2.5299907	1.9715663
9.096597	6.2929564	-5.2111626
2.9044583	3.1453555	23.03383
2.8728154	-12.803458	-13.266815
-11.002607	-4.099139	8.171822
5.845209	5.7940836	-6.8427052
-1.3386892	2.783004	17.32399
3.941332	-10.664633	-15.828201
4.2812123	-4.3245807	-13.208243
-13.05677	-0.864435	3.4728155
3.6863308	-5.282523	-4.584708
5.5731506	-11.559785	-14.518853
3.1864064	-15.73758	-3.6285837
16.388931	5.315476	-5.439525
11.721047	8.641652	-6.594966
3.9014344	1.5119188	22.088768
2.9043152	-0.80407596	-12.318493
0.6323924	-8.305958	14.37165
-0.19650124	-16.746761	-1.0931213
-7.1414437	-0.55995727	11.120647
7.049335	-0.6352524	-13.987482
9.356851	-0.5726965	-1.0982542
3.3134673	-5.365956	16.564505
-11.047559	-2.6132045	8.833432
-9.126234	-14.068901	-5.2942185
6.020384	-10.74449	-15.849118
-1.7664582	-4.084529	13.596683
-4.230434	8.739467	1.4537725
2.0945024	-4.974238	-13.432521
4.7373557	-6.8149605	1.5759618
15.477202	11.596348	-3.7626975
3.8515508	-1.827732	3.2251751
10.385828	15.355237	-3.6561277
8.006614	-2.2128904	4.9311876
-7.4993243	-3.1909747	12.572206
2.4853196	-3.9371123	2.3136184
-0.93911177	5.0212703	19.667707
4.45534	0.15521012	4.0218453
7.5676403	3.0694082	-0.34812507
1.0087945	-0.79074633	15.46553
4.399381	-7.6473684	-11.711801
-3.8723018	8.262382	1.1821748
-2.077869	6.048111	7.6323543
-2.9314384	3.8452091	-10.262348
-2.781069	7.2757316	11.259085
10.549489	1.0906132	-2.0124826
10.95511	5.4597893	-11.339782
-4.126675	-21.479717	-8.299288
-3.4452283	3.916576	-11.672571
11.283063	10.699522	-10.2369
4.076835	3.3418324	18.73426
-4.838174	-18.356815	-1.8341733
-7.8010607	-14.994563	-3.4838085
-1.3844944	7.267796	8.23262
-1.8732551	4.0513134	9.237133
0.83861864	11.027915	-2.119011
1.4403379	8.027633	22.514917
-14.496021	-4.5799885	2.0509188
0.42561266	7.7000914	21.082422
10.304017	4.0703726	-9.7859125
-0.5575756	-20.920813	-7.3466067
5.767345	-6.596485	5.2165318
0.49375746	-4.894631	1.3435067
-0.5224814	10.977996	2.900412
-14.876717	3.3458564	7.419164
0.8780073	-15.814762	-0.4694513
5.519521	-2.8806777	-4.955871
-11.977661	-0.42278126	7.286353
-4.792637	-4.618979	11.380092
-1.0684037	4.0699086	7.6674547
0.21313386	5.176054	21.91092
0.68372077	-6.2491813	1.1761365
2.1176336	-12.439077	-13.020739
10.331392	1.3703995	-1.6547077
-3.3534179	-1.4691567	-7.377672
10.265456	6.869731	-9.765157
-4.487045	-20.706316	-5.2955313
-0.8703442	-0.14472799	-6.039346
3.853407	-5.511913	-4.450015
-1.0460262	12.707368	3.090425
4.239898	0.1587533	17.651478
-1.7870743	-1.3436736	-4.871861
5.8270717	-2.0265956	1.9283562
-14.215164	2.7724977	13.183683
-13.192145	1.1535602	5.186504
-1.1390865	-15.637582	0.11895336
4.679862	-14.728328	-9.777334
-9.5716095	8.751166	-2.4565616
4.037776	-10.802689	-9.135985
0.47326994	-17.252478	-1.957057
10.11802	10.81645	-10.54296
-0.5788122	12.204387	8.848772
-9.616122	-8.917134	6.393105
-1.365707	-12.910999	0.55344087
-0.7607049	13.124736	4.3002195
6.168206	1.8258659	0.49231732
4.0244226	-7.8258533	1.364831
12.143913	4.70748	-3.3549407
-15.122005	-2.9041386	-0.52061397
-0.18346159	-0.6054748	15.915381
-3.4379637	-3.8676758	14.369739
12.780107	11.445852	1.250974
-7.716497	-8.476128	8.899329
1.4338473	-4.391261	-1.6268271
2.3771555	-8.892426	-10.886701
-7.061245	1.3793563	15.284616
14.876509	6.093247	-4.004653
-14.79846	1.5851501	11.849804
-4.0219245	-2.8542962	14.24331
-1.6882939	13.537069	7.5477934
-14.882816	-2.4873126	3.1605074
5.561548	-11.736845	-0.1091198
-5.8574634	-10.363273	8.0542965
7.2838697	3.6479535	-3.694109
9.716224	12.855423	-4.8704143
5.7940397	-2.3197281	18.890036
8.8740015	6.6737065	1.6253579
7.323035	-1.7911717	-2.723985
7.8889966	0.2677415	3.7410924
7.9039545	12.646569	-8.430845
-1.9054166	4.123837	9.183287
6.3407054	-0.7404578	-16.342573
0.10722594	-3.5301485	-3.2563322
10.7174	14.671921	-2.966352
-2.7689035	10.290298	10.251663
-17.491148	-1.1538707	4.2837114
-3.158417	0.57319516	-14.408713
-5.0443406	9.646934	3.8978715
3.5790174	0.81858104	-14.575415
4.0720634	-11.530218	-12.186115
-11.186348	-2.6047013	8.807067
-6.026186	-19.266104	-6.287899
7.2453346	8.092898	-12.912096
7.225274	2.2946754	-14.568871
6.0722823	3.6659334	1.2475916
12.37464	15.722058	-3.953895
-1.3490243	-13.947165	-0.28511345
-3.2392254	-0.54596245	-5.5108895
10.757354	2.6320186	-1.1891794
-1.5145012	-1.0556916	-4.8836565
10.727175	14.4438505	-0.4529052
7.9602547	2.6549377	-13.808689
2.411389	-8.782702	-10.79039
-13.385775	1.6287243	9.6747055
-7.177164	-19.59806	-8.38684
5.10453	-0.8182349	20.536049
-11.867534	-0.030269561	10.783371
-8.681548	-19.77456	-4.9687977
2.5691063	-13.288013	0.18053494
0.19842584	-5.522225	2.444095
-3.9275131	-19.99334	-7.7032776
4.006465	3.289622	22.90391
-5.3957872	5.2890024	-13.975755
0.70572096	-9.671129	-3.7379372
-5.5511155	-3.8387249	12.16193
0.051146045	-3.685486	-0.046918515
-2.050749	6.0181527	-11.802536
-3.8331282	-0.15917489	-7.1438303
-7.0238886	-15.348618	-4.734294
1.4457697	-2.4601088	-14.035705
5.640773	-3.2571547	-3.2230814
-9.6913805	9.273055	-1.812491
-4.2452087	2.5818138	16.403309
0.4196266	3.1664793	-12.324289
-11.5463505	-0.15610087	9.101135
-12.458019	5.074551	12.452679
-8.059376	7.957918	16.128054
-4.001212	8.724663	19.621939
12.381948	13.520926	-5.4899197
6.5108056	-1.5759046	-8.129065
-11.6923685	0.6041188	11.487777
-4.981123	-5.716237	9.541326
-10.71259	4.8180876	13.680327
-9.484053	-19.19595	-4.57891
10.848821	3.4765365	-9.3745575
-4.453093	-15.669941	-1.6912857
4.5690317	8.048962	-2.4512506
15.302329	5.18523	-4.096444
11.959189	6.290142	-6.9173584
14.5034075	9.685894	-3.0410194
1.7740831	2.9311545	20.819818
-6.3244805	3.1165278	16.660744
-2.569618	6.0774803	-10.458708
-0.091244034	-1.1153786	-0.8442564
-3.0138922	7.127253	11.889427
2.500854	-3.8833723	16.935984
-1.1453493	12.435532	8.486494
5.035258	0.02731717	2.934187
2.859254	12.810892	-2.0963848
-9.852481	7.9247675	-1.1675546
12.983171	5.619775	-3.3900397
5.699136	2.2943037	21.644163
-9.408775	5.816093	-2.327804
5.564093	1.878384	0.9797962
5.052713	-1.4359874	16.382914
-17.554712	-0.5216093	3.2538342
-12.772347	1.6336349	12.2050495
-2.8722007	4.2107105	-10.412336
-4.900004	-2.0832374	-8.634275
2.3562188	14.915863	-2.6582377
8.816879	0.5965443	-2.4147224
2.7636921	-9.667003	-13.605899
2.881347	2.5337524	22.534824
-16.444231	0.15666576	4.139171
7.71994	-0.550444	-8.844359
6.110447	8.710538	-10.322901
-9.175071	-1.2502509	11.717873
6.404452	1.7346079	-2.4248478
-12.025362	-2.2249928	9.722462
-6.6680574	-8.201022	9.5955515
0.6383647	-3.5334833	15.189658
12.415296	12.67767	-4.5588417
2.7217457	14.308552	-2.1410105
12.04845	12.892075	-3.1342397
-2.1760314	9.505775	20.401886
2.0237768	-3.891005	12.612787
-9.690069	-15.913324	-5.238674
7.984773	15.116675	-2.7328348
9.869383	7.867474	-8.082289
8.923161	7.711554	-3.1776128
-5.9972754	8.071431	3.11774
-8.411661	-17.199718	-7.147395
-16.01578	-2.2271912	2.6366482
8.183091	4.983743	-2.8948224
2.7899642	0.48631215	-10.904025
-0.6528259	-0.7685009	-2.9300487
-2.149813	-6.6578493	13.36231
-11.444814	-2.6362271	8.816002
-1.7001371	3.5099769	-8.430626
3.5065184	-12.428669	-13.81667
0.8462698	5.0518217	18.219074
1.8174345	-6.265976	2.25511
-4.682591	-16.564915	-7.4394536
0.48903552	-3.4631872	-1.3964075
5.1620727	-9.946241	-15.190708
8.120466	-2.7932935	2.8695636
13.150986	4.7803116	-7.51048
-4.030111	7.6033564	18.765373
-8.0078125	-9.678437	7.044025
-12.957463	0.962591	9.777131
-9.44052	4.9705367	15.171633
-13.061099	-2.7024457	3.1932955
7.5486245	8.736805	-12.244008
-1.098315	13.038849	8.149111
-2.604404	9.657464	8.283204
7.121918	15.591769	-5.9422207
-6.6260505	11.500797	1.8022586
1.771588	-7.541343	15.031809
12.270909	13.758387	-5.494883
9.486547	14.834834	-3.5985453
2.4313366	13.90949	-0.80168325
-0.36191955	5.716652	21.75411
3.2108605	5.421897	22.895939
4.349931	2.055804	18.43908
-0.31022885	1.9689496	7.07318
11.997534	9.484813	-10.007999
12.646238	11.650764	-4.1976414
-16.800886	-0.7394352	3.2907481
14.09783	10.205813	-1.2981071
5.334859	-6.838009	-7.8358684
-1.5976537	3.6933956	18.38558
0.7067691	-9.858566	-5.1148715
-1.9105989	-0.8611311	15.5548725
-7.435628	9.019809	-2.8301742
1.9427079	-10.936098	-11.804852
1.5432056	1.8795305	21.999271
-0.9565616	12.658594	3.415128
7.794884	12.114588	-6.5030246
-14.965704	1.4091574	9.505843
2.4933572	4.1976275	23.07067
12.685517	11.295089	-3.4178863
10.7987795	8.54676	0.087363906
3.797977	1.1080886	-10.880604
-1.1657845	-2.5398982	-6.9163995
-5.6762486	5.408204	-12.147592
4.3800325	-10.474054	-6.9047866
-15.053817	-5.5607862	2.148131
-5.9858584	-19.707485	-3.8983
0.34698474	3.0846732	-11.931816
-13.864138	-2.7759094	1.1017793
-6.2023463	12.318076	1.1778035
8.50896	12.131895	-7.4387217
6.736489	-1.6205915	-14.358716
-11.422989	-3.0082765	8.303852
-9.486977	-2.1411104	11.414397
-12.529996	0.40263152	9.856947
0.6920475	-8.627346	-1.9311692
-9.639735	8.788135	-0.7345255
2.1865857	0.9865259	20.223574
4.615765	-4.7849717	-3.2658374
3.154574	-4.2461805	14.980217
15.237962	8.540184	-5.803344
-15.079079	-6.005304	2.2910151
-1.1055044	12.838232	7.8378143
0.17331515	12.69279	1.3155463
-0.784326	-2.966114	-7.3320293
-15.136194	-3.9207287	3.7426326
14.3469305	8.872203	-6.5099277
-5.543103	4.976976	-14.200579
2.8399189	-1.7794305	17.79288
5.9700665	-12.684695	-1.7483541
1.6428326	7.4029455	20.65015
-14.487513	-3.7793524	1.2799723
5.4173093	-4.2799683	-9.032334
-8.054645	11.443474	-0.7881739
6.8519053	3.4488814	-11.259076
6.6478767	-0.65455264	-11.502113
3.545498	1.998939	20.463995
-7.472295	11.519439	-0.7342874
-4.465988	-15.905564	-1.617155
10.886386	0.88096565	-2.3357286
-5.8159413	-1.6008257	-8.990312
0.41193578	-4.096063	12.387926
-14.97262	2.017389	6.8447638
-2.0058274	4.6207585	7.8787975
-9.228929	-9.277896	6.584207
-6.4483685	-5.2801776	13.375752
6.850776	10.104388	-1.6902806
-1.2544606	-20.358517	-7.976848
2.322826	-2.9559793	-13.556955
4.1257668	-4.2528043	-7.0850496
-6.5729628	-14.215299	-8.95598
-1.1228238	-4.859609	10.7472925
3.2734976	4.380605	21.737654
-0.9749181	-6.7121687	14.504842
-13.527803	5.3846297	9.254692
-13.327103	1.4692073	11.284926
1.8322164	-4.587914	15.363822
-9.90841	8.238883	-1.7943835
6.9448233	12.183462	-5.489521
1.439789	1.629319	17.357565
8.668851	-2.0509813	2.7043989
0.99702334	5.189858	18.035439
6.764829	-2.2282522	-0.507357
5.287672	-3.269402	-10.155879
4.457426	-2.4524906	16.838617
-7.942158	-14.921721	-8.63058
0.87762034	-16.771599	-2.2461364
2.6125307	-2.228051	16.949833
-0.36192307	-6.1888256	14.048285
9.988159	3.9415748	-8.94186
-6.5545864	10.985806	2.659102
4.606904	-11.6742525	-14.763776
-9.856254	-2.6318326	10.689199
-15.163252	-4.158376	3.3332577
-0.33485708	3.0513208	-13.217496
0.23249623	-4.3862224	12.666037
3.8248243	-5.1203294	-4.9211655
-1.3612661	-1.7225683	-3.3452964
-2.3038485	-1.4567441	-5.534924
-6.5824237	-1.7031939	12.456816
-7.092791	-18.194363	-2.3248177
-8.997681	3.5787961	16.010313
9.920654	2.6510625	-7.607609
-5.464502	8.747276	2.761284
-15.643337	-0.13809443	4.11857
-3.858768	-17.49012	-2.4068015
-2.6406662	10.313237	8.553665
1.7550604	-5.7468157	-14.424126
10.758023	4.4443226	-12.910759
-4.8889594	7.741933	18.456787
1.4684114	8.259158	22.348936
1.6769266	7.9226527	22.508194
-3.9008927	-20.3114	-6.42851
8.352023	1.1825414	-8.585905
-4.6016045	6.3758655	-12.210168
8.805002	4.0803895	-13.578025
5.419976	-5.3305573	16.60705
-0.030603737	12.86534	1.6476332
-9.691003	7.076777	-2.2793841
7.5073323	2.8472245	-3.142902
1.4422714	-8.599214	14.943739
6.0305696	1.9905031	19.80618
3.4672158	-15.202358	-5.7871423
-5.203665	4.234849	-13.324977
9.524555	6.832975	-4.525354
11.476534	6.1112742	-9.269906
-13.605103	3.49229	12.795912
-3.3766844	0.6613823	-13.994766
-17.513338	-2.860146	5.150324
-7.9957786	4.092958	-2.3994102
-0.76039135	2.7663054	-11.46675
6.6620126	15.568838	-4.065574
-5.7461452	2.5582294	0.72568405
3.2094162	-16.359911	-5.03875
11.256283	4.470234	-4.7373266
-9.279005	-19.269358	-5.3551445
-3.1328561	-19.8943	-3.914829
6.6965117	11.704039	-3.8389115
3.067769	-4.6834307	-11.422372
3.033696	-11.797342	0.99401873
-9.10726	6.803149	-3.3412795
-17.62306	-2.3323236	2.0780222
-1.6524156	0.9349977	15.598416
-4.71554	-20.761374	-5.802415
1.2104483	-6.17562	2.394643
8.060903	-0.73994195	-0.3459269
-0.14073558	-3.3780982	14.532004
-14.269702	3.9410775	11.997472
3.0457606	0.0045176065	-15.043644
14.2512045	5.5555515	-3.9590213
-9.535059	8.025679	-1.0974634
-9.908309	6.9136252	11.313215
5.4634566	-1.3621551	20.220541
-4.4574018	4.769363	-14.265015
-8.811416	-16.950665	-4.335631
1.3628737	14.568234	-0.6100278
-7.3845925	-9.868117	7.7850857
5.266909	-2.8404598	16.010803
8.1965475	2.2339234	0.5240923
-9.755032	-5.2718277	10.479571
11.830269	5.1243873	-5.670386
10.61719	3.6957173	-1.392784
-3.1717207	1.9187675	-13.8127365
6.4209824	0.013663303	3.8124378
0.03168299	-12.705108	0.24693568
-1.0802146	-14.448818	0.5922158
4.4584155	-5.8184915	17.111673
-8.749053	2.0592332	14.838789
7.9911394	3.3900974	-0.69453496
-6.235814	-5.4540706	13.468247
16.460424	5.1764684	-4.03384
-1.2107216	-2.4063478	-5.732278
4.470604	-7.1222396	5.2873974
6.1380525	-11.269368	-16.258335
-0.660542	5.1462975	20.880615
13.156245	7.3728395	-6.3266835
-1.3492292	7.6636243	8.250616
-13.184077	-0.51394045	6.72741
-2.0915816	-15.692442	-0.42341945
8.645028	1.5605856	-5.783749
4.0215907	2.9574351	22.266825
-4.1781955	-18.337093	-8.196757
-16.829788	-1.5907896	1.3729544
0.9768388	-9.671617	-3.8814878
3.3055825	-9.979515	-11.16913
-14.038511	0.74511236	12.987368
-4.8729057	-2.1921315	12.225252
-7.7215486	-14.920853	-7.9000278
-4.844304	-17.39608	-5.677928
-10.8140745	2.9312382	13.155557
2.2806373	-6.753685	-7.746459
5.765196	-3.996975	-1.7402023
8.432422	13.578811	-9.744555
-0.77034724	13.878299	4.7828174
-6.231998	4.0700135	-11.337936
-8.540195	-3.3305092	9.831097
5.214907	-8.129536	16.383568
-3.6720984	4.255097	-12.188009
-4.2911096	0.38722494	-10.928404
-5.2722373	-18.806381	-2.7383306
-4.744711	9.561046	5.4324017
-9.435496	7.8194256	16.35501
3.1520383	-5.5082364	-4.5249515
-1.708819	-1.0452234	12.6096525
-13.923251	5.13021	10.985493
-5.572104	3.0694103	-12.292527
4.0621824	-8.354924	-7.2034097
-0.6436433	2.6584346	-5.581291
-1.1375029	-12.7452135	-0.32895377
5.5710254	-12.387829	-1.7092451
-9.176943	4.3866515	-4.458781
-4.678002	0.8080419	-11.150916
3.7049346	-6.933156	-5.0251575
-7.192129	-19.747717	-7.972398
-4.602463	7.2440996	18.086517
9.067804	-1.1933159	-1.4384401
4.456366	2.5354633	18.418324
4.3406887	-4.8140674	-2.3921452
-2.5644572	8.6071205	21.324915
4.159048	-6.234483	5.1791077
11.571643	9.650202	-6.129845
-4.32934	3.7476654	-14.083599
8.740684	-3.035324	2.3556828
5.202379	-14.518129	-8.834485
10.13892	14.930725	-4.9914007
0.10824884	-7.5928984	13.733949
-15.887488	2.396819	11.384728
5.347737	-7.923271	16.48014
2.5550096	13.63403	-0.70028204
-1.1896629	4.750119	8.908893
2.28833	-0.57810885	19.167763
2.6161265	-9.03208	0.66335464
5.612127	-11.60162	0.33316612
6.664198	7.382767	-3.4700456
-7.2844753	-19.501083	-8.366676
0.23998845	11.812134	8.95864
4.75118	-15.029601	-6.661398
6.8443995	1.9850608	1.3199904
4.1851997	1.4873563	22.03846
-7.312976	-5.97583	11.685044
0.5116103	-4.4406805	0.3727764
-16.89356	-1.0604978	2.3328207
8.038606	0.3563758	3.0144384
5.2843328	8.493329	-2.9477892
-9.047358	-3.051982	9.891477
5.507859	-3.3572483	-11.813094
-2.9038625	-19.55839	-8.374392
5.0386724	-3.0968566	-6.3619533
-14.763275	0.91979444	4.751382
-15.818125	2.5159497	11.554148
4.5840244	-12.73191	-9.893386
-8.259888	3.440801	16.356007
0.09611156	5.0888786	21.921345
2.2972052	-3.989378	-12.056424
4.549954	1.6469092	-6.178901
-13.834067	5.6528254	9.453862
-3.0904672	-13.309388	-1.2812513
3.8912063	-8.0987215	-7.09206
1.8708712	-9.437418	-12.107683
-5.6467457	2.9896648	-11.594678
7.4212246	11.112857	-4.8288884
-10.862798	2.937447	-1.5061101
-3.1972134	-0.89968437	-12.084614
-0.49340203	2.6772385	-6.019953
9.323138	7.2879987	-6.651636
8.383916	14.0752735	-3.5914872
-7.850565	-0.38345015	13.152072
-9.253194	-14.468637	-7.695047
-13.29563	-0.7768335	6.8182607
0.62841606	-8.61163	-1.8284094
4.24215	-5.5845985	-14.4978695
14.583478	8.458441	-5.4432383
1.1918803	-0.86623544	18.043516
14.446424	13.576109	-4.3057265
5.148896	-7.7034965	-0.61365086
-5.095547	1.6235886	-13.711126
-8.838308	4.5907393	-2.809431
5.659172	14.676565	-4.4832907
-9.715017	-5.533407	10.046898
-4.5987697	-16.852613	-8.569105
6.6212	-5.456328	4.8327103
-6.5331626	-10.404995	7.8824787
8.91111	10.750027	-1.4971024
-7.955275	10.1534	-0.779071
-9.034415	-4.6347036	7.1176376
9.194161	0.9281891	-1.7284126
-8.888807	5.1450634	14.59003
-2.1096709	1.1216199	-9.673534
0.3643659	2.0619612	-4.576695
0.6663296	-9.616366	-3.7714589
-7.830474	3.373322	15.2841015
1.5914925	-17.890223	-2.539541
3.2423847	0.4342382	-11.58142
2.0839744	-4.45391	-13.19842
5.4364433	3.3136063	0.66995686
-8.044739	4.2762213	16.340054
-7.6823893	-2.44389	9.665096
8.847977	3.1352022	2.7222488
-6.012417	-8.832198	9.593062
-7.5849257	-14.059204	-3.2181835
-3.89866	-17.883741	-1.5175501
-3.8036034	-3.6498039	14.028554
4.3881903	-0.43804112	19.708817
-0.17710179	1.2055098	14.592807
-8.263414	-12.25571	-6.807138
12.900392	4.634216	-5.3438115
-13.856366	3.3541906	10.145468
9.248611	7.1878834	-6.608823
2.1685312	-7.7120886	15.6122465
-9.977698	-7.3413253	8.990473
2.1037858	1.4358362	21.744583
4.037086	-14.705645	-6.1951585
-1.8863791	10.596527	9.283384
5.5676923	-1.7923499	-13.460516
-13.850871	0.7254777	5.2671394
13.675221	10.408002	-6.0493174
7.61662	12.812198	-2.1835093
-9.452221	-8.196037	6.5631576
-0.34676096	-3.323703	14.477749
-1.0472383	5.97249	19.55692
2.6715825	9.316221	-5.2460413
8.868288	15.138951	-3.452425
6.7849746	5.449481	-12.352099
-13.239067	-3.4841435	1.3142232
-0.01529739	-1.3324401	-1.9746132
0.46829686	0.58950466	15.348048
6.473935	4.978523	-13.778351
5.978601	1.4414738	2.2157645
-15.041058	2.1592119	10.915593
-7.2163234	-8.9075365	8.224815
3.9556098	-4.190796	-13.826699
5.6314273	11.460201	-1.4978447
0.30423382	-3.7590435	-3.240966
7.3105955	-0.15555334	-14.119961
2.2599864	-0.9308143	15.412812
1.0392013	-1.7030755	12.592606
-6.7988243	-16.071867	-7.45096
4.4892926	5.0309772	-0.9036651
3.7604735	-5.5167527	17.003359
3.0719082	5.616048	22.975628
-10.309741	8.191753	-1.6768985
-9.33447	-18.795797	-4.0887666
9.010564	12.983723	-8.906616
3.5330613	-12.11006	-10.553644
-13.436183	0.19652201	3.7750254
-2.7921815	2.2128766	16.560436
2.9996674	-3.5900004	15.767473
-3.902712	-0.47076255	-6.4714403
7.537125	2.458465	-13.645549
-3.1483185	2.3932457	-12.997049
-2.9641378	11.857371	7.383045
1.7922044	4.311397	19.171944
10.363838	9.256844	-5.253596
-7.532466	5.9858027	15.004722
-0.55098075	7.9160748	9.222952
7.6758738	9.878121	0.0054370323
1.4172584	2.0620577	20.778183
7.943764	-2.7076464	3.1228986
0.28653127	-5.1956854	0.69017285
14.243631	10.250422	-2.1862185
-1.9079971	3.4104707	18.50054
10.515379	4.0699353	-8.723913
-4.270987	-14.332695	0.28660354
8.400776	8.048945	-11.8836155
10.852676	10.742121	-0.011915797
1.4490994	0.33629918	18.977009
-1.6137058	12.796458	5.9908915
14.725212	13.588381	-4.513457
0.25954387	-4.2746034	12.72328
-10.768737	-5.3361464	9.37454
0.1769809	-5.247058	1.912211
9.26999	-1.7153584	2.1785586
-15.765895	-3.3671534	4.0915656
-6.81301	7.7000275	-1.2979352
-8.415894	-2.8851018	12.396888
7.383237	-1.2809958	-12.889178
-2.2045913	0.40793684	15.926271
4.632913	-9.32012	16.106878
7.603847	-0.7323892	-15.077451
2.383836	-8.702221	0.6902428
-14.627484	1.1399962	5.592791
-1.4603862	9.649692	6.3174834
3.3040433	-15.854045	-4.831329
10.697737	14.32496	-0.18001066
6.5397387	5.456638	-9.082663
9.469672	11.309934	-7.670036
-5.728697	-17.90895	-3.781594
1.4197799	-6.3080883	-8.2529125
6.3819475	-1.9420922	18.435572
-0.69487673	1.6418393	18.44707
-12.296328	4.510159	7.1410475
7.102472	0.3920796	-13.856078
-5.5203514	9.960082	2.913529
5.291386	-8.568123	-8.219552
5.047109	-8.876859	16.283873
-3.8422542	4.906774	-10.374316
7.0864983	4.498521	-10.697239
-4.305043	12.230328	3.591864
-0.6518788	-16.497404	-3.7375016
-8.617463	-13.153084	-5.4640493
-13.818844	3.323535	7.9091997
-7.553797	-14.865266	-8.238248
-3.8472917	-17.72486	-4.9671607
6.944202	0.075633965	-14.099581
12.39524	13.850681	-5.3243413
-1.7659494	2.6707695	17.079903
-4.5016093	-18.50987	-8.047699
5.161146	-2.7823465	16.159033
4.901916	-4.422204	-13.411823
10.620035	8.4612465	-5.637977
-17.29742	-3.6182618	-0.32646924
-6.678951	5.485158	17.57217
-1.5085769	12.977488	7.603835
8.276538	-5.425783	3.709686
12.139134	13.620305	-3.0532558
6.486529	-11.693452	-1.6536311
-14.635028	3.4810076	7.608078
-7.803816	-14.784495	-3.3978996
-13.073555	-2.5045245	2.6762328
3.8642368	-9.689352	-15.543484
4.4384885	-7.9915514	-11.248043
3.8744726	-11.133305	-0.75185984
-8.380416	0.9514364	13.99001
-5.147988	0.65885943	-10.583802
-7.706293	5.2571254	16.977108
-7.3035326	-11.268239	-7.84889
7.889427	-2.778452	4.3133163
1.9879212	-8.144237	14.827069
9.8834715	3.7825615	-9.81641
4.6686416	-1.6013185	4.256883
-0.1265726	14.251967	5.1800127
4.1798425	-11.471903	-1.1063287
-1.4736155	6.8544626	8.339279
-12.308014	-3.1025336	3.4971848
1.2483429	-18.156588	-2.8951998
4.93243	-7.033016	-12.310329
6.578185	4.85289	0.34012878
-1.3859491	1.6673765	16.886776
-5.596617	5.250972	-14.129858
3.0780637	-1.1455936	-12.08356
6.4080443	-2.2575674	18.408422
-8.291879	3.3367012	-2.1205964
-13.702575	2.598301	13.238964
14.398221	13.363866	-4.126223
-13.012945	-4.032358	2.12122
4.0469966	-4.2738667	-13.004437
4.2952414	-7.1198306	2.292119
-7.499376	5.0328593	-0.8150744
-0.34937054	-18.523102	-3.7609282
1.6743654	0.7162525	19.85841
0.7428307	12.329243	-4.8014894
3.4661882	3.4761207	23.315847
2.0608616	15.072799	-3.0186734
2.0125208	-11.0803995	-0.8256582
5.389815	12.383711	-2.6449652
-5.848257	4.699352	-14.208889
4.339094	-10.916734	0.38013798
4.2967205	3.7750084	23.011868
-6.6971717	-9.984761	7.7886834
6.8929806	0.04586147	-9.632576
-2.622207	3.738932	-10.390518
-11.36006	2.1299052	13.610681
2.7544224	-16.189846	-2.6684153
6.9460764	-2.6049685	1.9838964
1.0657786	-4.3188257	14.884136
-1.2894818	11.829406	9.430236
-1.041252	-2.0098202	-2.3988183
1.5969901	6.982646	22.764235
-13.449881	-0.8062786	6.899441
-4.467389	11.482578	-0.35328627
-15.638898	-4.318461	2.0042233
-13.3811865	5.0904374	8.998299
7.2574024	-0.47618583	5.098015
3.6212296	-4.296537	-2.2060795
4.2328744	1.5692128	-13.737244
3.4623468	-2.6049848	-0.114395775
-9.600211	0.9303915	12.391882
-2.3835864	5.631992	7.7586846
2.200252	10.813204	-2.5127935
-7.2979374	-20.225845	-7.2918043
1.0727737	-3.3600082	-6.727701
6.097296	-2.8966994	-3.287893
8.950269	13.189572	-1.5920011
0.30420083	1.0191551	-3.6471488
-4.9241977	-18.229744	-1.6859312
-1.109533	-2.058035	-6.530127
1.8614465	-6.423126	-7.468678
5.6098723	0.8976099	21.633009
-16.50926	-6.4521317	2.428294
14.598421	13.595919	-4.054089
1.1417819	-11.333091	-13.427811
11.295689	5.2210107	-10.853303
4.4119334	0.044763826	4.2222123
-3.1092212	2.0551536	16.574497
5.0636377	4.173398	-1.1191752
11.901025	9.59	-10.192585
-11.213056	0.67881405	12.033879
3.6896377	-11.252141	-7.0438066
6.887704	-3.9499176	3.8005817
-9.134713	10.190376	-0.98761034
-2.1513371	5.4784956	6.932912
-3.4357479	-0.29134175	-13.381216
2.7003822	-0.042719066	-8.934503
-1.2758555	10.19026	6.132124
9.829642	14.119948	-2.0573068
-8.868601	-1.41353	11.816642
12.127912	13.737827	-7.5716586
8.412603	9.694612	-6.882452
-13.012146	4.877183	8.672301
-17.589624	-1.1120647	4.1745844
5.2862644	0.025957761	2.438866
5.1817718	-14.938293	-7.572002
5.334998	-9.398857	-15.192855
-16.287916	-5.3457355	0.24799438
-8.988525	-16.26112	-4.260684
4.994223	-7.1776667	5.301578
4.7695823	-6.581621	-14.038967
-0.8906518	12.733494	7.1777296
-6.4958134	1.9597026	15.706626
8.027647	7.2187715	0.92694616
4.1529183	1.3340375	22.022264
-6.013208	-16.011147	-7.98983
6.401475	-0.6758244	-11.559772
-4.1306334	-14.1267185	-0.79545754
-2.1705432	5.6888623	-9.759486
4.2145076	2.5857782	3.9971492
8.311187	8.579056	1.8184848
2.2822928	13.543433	-1.0196226
4.7802815	-6.6059957	3.0028706
2.122894	0.67336506	2.9842594
-7.724221	-7.9588666	9.578277
-6.948241	-0.7831673	12.887364
4.4128146	-3.7734687	-6.723592
2.1023884	6.597073	21.622822
10.950686	4.2165976	-4.7617283
-9.492413	-6.2175684	9.424243
-9.556022	-4.306735	7.2521305
5.321392	-7.6370177	-1.1963972
7.495285	13.203515	-2.03222
4.003727	-12.955037	-9.702244
-0.6907231	1.2356408	-5.3095536
-3.4897747	9.525742	7.46147
10.293813	9.228267	-10.220018
-1.8666068	-18.834656	-4.2014623
-7.6328053	-6.099276	6.539987
-16.65888	-1.5959864	1.8313284
5.197756	3.2607646	21.925928
-1.5796452	4.1941643	-8.398566
4.060072	-3.7551003	5.0066214
-2.2656808	-17.699448	-4.061024
1.8393755	1.2717959	17.54843
-5.1681066	0.538221	-10.783664
5.6609807	-9.271047	-14.977655
-6.32571	-20.039965	-8.847125
9.186262	6.6255608	-5.2050924
-9.434561	-2.122262	11.370233
11.042705	3.3586795	-9.480678
12.437725	11.133315	-5.588406
11.041186	5.117917	-9.109004
14.771674	7.94602	-5.3088064
7.608696	14.938373	-2.693477
0.14410831	6.7634487	20.413227
-5.501714	-9.421152	8.393183
4.138132	-10.209883	-9.27613
4.194671	-7.946387	4.4490333
-7.551917	9.976091	1.7580055
9.655073	3.1479833	0.7463545
-16.40321	-2.274639	4.620702
-9.853824	4.2636704	14.124963
-0.30958787	-0.28566223	14.402294
12.897407	8.075035	-9.106652
-2.701419	8.438123	10.621388
4.4504585	-9.248719	-4.9504385
-0.5379634	-1.8191133	11.630147
-4.404377	-14.427662	-0.3456225
7.191148	0.21907322	-14.436415
1.363881	-7.970023	-13.2019
-0.46475783	5.417074	22.296558
4.604868	2.6854682	19.413647
8.192271	15.783772	-2.4291623
-3.9863822	-17.552296	-2.02871
-9.137798	-18.089851	-4.4725604
-2.4981248	-1.7863618	-12.514013
-1.5511723	13.188583	3.685281
0.8478818	14.834991	-2.61031
-1.7276136	-17.144833	-2.879656
6.021923	-7.4895945	15.720903
-14.898047	4.3893533	7.9068756
9.956185	11.59161	-9.947702
14.38475	8.240762	-6.1181464
-0.1964565	-4.6272087	13.9716215
5.671637	-1.8313142	20.075237
4.7395024	-7.268535	2.920282
-8.816296	-12.290082	-7.4111047
-1.0732565	5.4384174	20.425114
1.3474163	0.7871066	19.314379
4.2201924	-3.6986258	2.4059284
8.927007	3.8636994	-1.0885025
-0.69088733	0.7240019	-8.033319
2.6694918	-0.8146833	16.202099
-0.8994059	-2.6470406	-2.9026635
-1.5472993	3.172058	9.754796
2.4438992	3.6489122	17.758356
-5.518434	8.719375	3.3177748
-7.469166	-8.064096	8.151777
2.6145163	-7.8639145	15.347157
5.2058735	-0.42465952	20.510218
-4.955916	-16.450773	-8.163444
4.2049637	-2.4763546	0.9243114
1.9690162	-7.5448446	15.070615
-1.8566839	1.9989855	-9.562148
7.371007	-4.610681	4.421264
8.033767	-0.43672875	-1.7390054
-3.5191736	8.651214	8.854574
-12.199111	4.292283	15.357301
2.2455842	14.41706	-1.2101884
-1.9489334	10.533054	7.2380495
2.059612	-7.627877	15.292089
8.526715	-1.0969744	1.5362101
-13.3575735	0.23572272	3.8343694
-7.831775	-7.965656	9.583977
-0.919946	7.2347684	22.20912
0.80059963	5.568986	22.630356
-11.372099	6.887324	15.532756
9.4370365	3.5397165	-12.4138155
-8.992578	-18.172512	-7.885193
5.4091496	11.729912	-2.174542
5.9057355	3.7773998	0.06654788
10.10049	1.8397139	-2.1044755
-13.407175	2.725361	12.978771
0.17306699	-9.237601	-2.9625397
5.247776	-3.2824566	-10.054714
-1.0557472	-1.7389939	13.469287
-1.3532192	-3.0297682	-1.4792799
14.939155	7.7289033	-5.2155933
2.5779724	0.50759584	3.0606108
4.657765	1.2907586	-5.165321
-13.717545	-5.9921207	3.8799775
-13.197499	-2.096573	2.7741022
8.241466	13.5800495	-6.6706433
-9.559998	-2.8109918	10.026118
-8.975532	-9.360976	7.1234016
8.263339	-4.7093124	0.6155931
11.972893	13.448457	-1.7593018
8.838795	5.230234	-6.2091475
13.812229	11.793151	-6.122457
-2.9876	-0.82679456	-6.039662
-3.7364533	7.8244343	19.531134
1.8700974	-2.4234471	-5.8732514
5.663197	9.959758	-4.2663164
5.6592712	-3.325633	-13.885882
-6.6769867	-1.8027654	11.895329
4.795597	-7.236549	-12.283184
5.3016934	-3.0885756	-10.64349
9.854131	8.593295	-6.3686795
8.684693	8.427142	-11.4694195
4.4852424	1.1037531	-5.980284
11.694297	1.7420491	-0.036191884
-7.49691	-20.243992	-7.267792
7.3004684	-0.9621068	-9.161229
-0.028401548	11.832587	9.215955
8.971592	8.735499	-4.0954685
3.688312	-10.78518	-11.740069
2.5499265	-6.1996756	15.054247
4.3125625	-0.46002668	17.125813
6.7870173	0.007856766	-14.8011465
2.336987	-8.454034	-15.420582
1.6957848	-7.8740487	14.942041
-7.8799205	-15.132086	-8.983744
-2.5068927	3.694976	-13.316563
-2.5802135	-1.4755535	-11.573597
4.432646	-0.7732744	17.059895
1.8625574	-7.1456943	1.2720833
3.2909837	-10.644369	-1.6363596
8.861119	1.2767893	-6.2662616
12.120885	7.808702	-9.476017
-17.543686	-0.3164082	2.108825
-0.11113558	-16.650913	-0.21530987
-5.106228	10.206388	3.869883
1.2732838	5.21935	22.370588
-3.3578286	-4.2837176	11.994704
-15.4136505	-5.6687145	2.2830288
9.856156	2.9671967	-8.217585
4.5270443	2.453655	-2.1842363
4.378117	0.3043333	20.085407
-3.1292117	3.3114765	-10.387073
4.8212867	-2.6955993	-10.596447
-12.041023	-5.0732536	1.4198636
15.525698	11.626796	-3.7059138
-3.5852687	-3.1461384	14.398735
4.4035316	-8.042929	5.4079375
-9.190477	2.7325854	14.76174
2.0519884	-5.5249767	14.58636
-3.12208	1.9559522	-14.30582
8.088172	9.079459	-7.911875
-10.229384	-3.0391133	11.764893
1.3500321	-8.3523	15.164753
4.665844	-5.1368756	-13.825319
7.718112	13.781474	-8.488493
-1.5411984	11.380261	8.341832
9.738244	2.8780007	-7.295808
8.485666	15.359572	-2.3014996
7.2542877	0.9423024	-13.5709505
-11.666284	4.436543	8.829105
-9.285229	-14.089929	-5.492648
-9.243611	6.190516	12.769498
8.965419	6.1924653	-13.066472
2.6749468	-1.0746763	-15.121579
3.8407433	-4.22701	-7.226277
-2.0485787	-1.0247825	-6.5448747
13.571023	8.462954	-9.034603
-2.5251231	-2.5252395	-5.75223
12.546573	5.8082404	-5.509621
-12.678933	1.4065858	13.065115
-7.9280205	-15.010366	-7.0081725
-5.221691	13.900886	1.7418472
-6.7013144	3.222192	-0.24951558
-9.653993	-18.529085	-6.4399586
-10.33339	-5.679766	6.9633636
-5.5637693	-6.0864344	13.0624
12.3960085	12.605415	-5.944001
3.1091127	-3.741355	15.249099
10.605572	5.2613525	1.6002645
-17.578417	-4.550779	3.3700342
-6.7354784	4.8905115	-1.5403426
10.072464	14.988718	-5.010262
1.8589467	-8.998782	1.7255695
10.905487	14.156678	-0.26333484
9.309393	8.997813	-4.8259735
4.2844048	-2.6933608	17.1311
-6.801397	-18.64145	-10.329697
-12.114437	4.71623	14.137455
3.6976776	-7.670152	4.708885
-5.0589976	13.196162	2.5315173
4.5091233	-5.628725	-14.021701
3.6382718	-7.0983453	4.422815
8.680987	-3.1529164	1.6826806
11.557285	8.644538	-0.086808175
3.249186	-11.026663	-11.562624
-6.6709604	6.2691965	0.1821167
13.398076	12.5878725	-6.9672775
-0.24553333	-7.5552797	13.886785
4.481079	-4.435469	4.2007375
3.1633222	-4.6063433	-15.143973
-10.08643	-7.486163	6.1073513
5.4405613	-5.6723027	1.1817896
5.5253167	-5.270431	1.5862374
-1.4724196	-20.872696	-6.978132
8.2111025	6.6787257	-5.236071
1.6269135	-12.419139	-12.580511
-10.194493	-5.920964	5.9857173
7.102583	2.2165155	-12.6023
-18.220448	0.60989404	3.336556
12.259108	5.918533	-3.3601434
12.505636	7.286548	-6.4333315
5.188674	14.578227	-4.9917803
-1.8629684	13.959266	8.250631
15.663444	5.8355465	-5.8856297
-2.1874826	10.905276	7.9249706
-8.812992	10.256307	-0.36465627
2.4599829	-10.104079	-11.176208
7.7187386	-2.7111378	5.5596213
11.771762	13.600003	-0.7143993
-10.034632	7.946246	-0.9122023
11.387312	5.4725966	-14.003455
5.715015	1.8098366	22.00172
14.64104	8.184808	-5.0540247
-9.845555	0.07451632	12.257651
9.7473955	4.3675456	0.45477536
-8.677205	-12.651991	-5.6247044
-2.3237514	6.209802	-12.1562605
6.109733	1.43448	-2.7719407
-0.60523844	-4.459105	0.88465583
8.75143	9.406611	-8.148664
-7.714198	5.5964947	15.548911
2.8986065	12.643062	-1.5183859
-7.3322906	-18.639536	-9.686271
11.570571	9.12183	-10.4613695
1.2009854	-5.709094	1.8981924
-5.427634	-17.778074	-2.3450363
2.0640948	-13.555986	-5.960151
-9.702783	-17.460096	-6.831779
0.47389132	-9.571242	-3.885563
-0.52035517	10.96897	2.9088457
-2.0569344	9.285043	20.712883
4.364199	-2.3097587	16.841152
7.8697023	2.2976587	-3.1113446
7.9240766	12.909465	-0.87033427
2.869876	-6.7260685	-12.661646
-8.231768	-7.1191177	9.52995
7.0475464	1.760838	-13.30758
7.2838016	2.060455	0.33241108
-5.0248356	-2.1223388	-8.881936
-4.2494726	7.365112	18.369808
0.54162234	-17.8934	-2.016923
-6.8625174	12.050946	1.2620279
1.2927195	4.6307178	17.749928
8.280554	12.945597	-9.318439
-12.6484785	-0.24476199	6.2157555
-10.692458	4.6215034	14.939396
7.2800503	-3.0911055	2.8891242
4.7759995	2.106116	-13.632276
-9.0417185	3.2231076	-5.447289
11.581304	13.567758	-7.2876563
0.30835426	7.5311737	21.073196
6.241332	5.7180505	-7.0939994
-3.1080716	-1.015534	-11.875244
14.277188	10.510721	-1.8942646
4.2579145	-2.5376806	17.45031
0.10120045	-3.4692276	14.578874
8.501985	-4.021685	0.40392846
-6.6873064	-6.50159	12.120809
-0.31682563	-1.2731563	-2.8599837
-1.4252176	2.547264	9.910591
11.680973	10.425885	-5.9851217
8.795758	9.609323	-2.7184837
-8.696749	-7.447043	9.856532
2.5111535	-9.097977	0.46187058
-2.2045207	8.705893	8.568261
-2.0605354	7.566226	21.709381
0.06788843	-1.1876087	-2.663375
5.7705235	-6.718612	16.949291
6.410653	1.705587	0.42909384
-2.3344948	4.196302	18.328165
5.7016373	-1.8736415	-13.350729
-0.5399108	1.7510847	14.290061
-15.027563	4.0072227	13.000351
4.7751007	-4.563598	-13.859066
-6.431714	3.2469525	16.721485
-0.48334903	1.3783654	16.037807
4.613164	2.156542	-12.878773
2.6873238	-9.204115	0.9652239
4.8108253	-5.1587915	-5.636384
0.78015834	-3.1886423	12.55658
11.786079	4.325669	-0.033752
2.5161037	-7.264887	16.336514
11.873172	6.9405007	-7.8413477
2.7013607	-7.5676527	15.493859
9.18967	13.827754	-7.4899683
-2.680668	-0.10118495	15.038199
3.015737	-3.9282668	17.320108
3.8315022	-10.686933	-8.005936
-5.4772835	-0.6212399	-9.241495
3.286884	-10.923002	-1.6193331
4.4197445	-4.3354974	-13.685001
4.09932	-0.15903467	-6.1416183
15.268187	6.3143773	-6.342941
-12.639995	4.917047	12.7213545
-5.813872	0.29399252	12.357258
-15.14791	-5.518021	2.248568
-2.2141724	13.407861	7.312551
4.3855753	-13.923261	-7.252187
9.632116	11.375999	-9.3503
6.5494475	0.2991111	2.4433968
6.685366	4.396989	-14.017608
4.134506	-3.0320718	-12.805906
3.8693402	2.7016008	22.664356
-1.4305372	12.479176	8.887595
-4.1071696	-5.483695	13.066782
1.9565619	4.0548806	20.79649
2.0908024	-2.1660957	15.251177
-0.36767378	-14.744023	-10.537856
-5.7624583	-9.117977	8.809137
5.080741	-14.492134	-8.203695
-1.7287894	-16.97231	-2.8784728
6.7986107	-1.4738209	-3.6079555
8.674465	3.8389645	-7.2756076
-2.4089506	9.676577	7.6136503
-13.388977	3.1975052	8.589996
-3.8034067	-2.831921	14.382238
-8.989448	8.675938	-2.499089
1.2423631	-5.547321	1.7062774
-6.045616	-8.855557	7.3255043
5.753894	-0.56257427	16.017323
6.554202	10.422409	-1.8024154
6.1547904	1.7745793	-12.027086
10.877114	5.0985813	-3.9041252
3.3663146	0.3141221	-14.686257
4.260901	-9.423237	-1.4334617
0.21794711	-7.7384443	14.910278
14.2865305	11.982924	-2.3744476
-7.6974096	-14.691616	-7.3054104
-2.612839	-15.510383	-0.72969526
-11.895612	4.9520125	15.387283
-6.920183	-19.155504	-4.5374074
0.42343882	-3.4930873	-2.0160685
0.18105157	-16.40862	-0.9007979
3.08751	-0.92242175	19.795855
2.8390028	-11.373139	-10.935665
-14.923965	1.2734275	8.384907
-0.42589536	-19.398806	-7.1275105
-9.084875	-11.245404	-7.4552917
2.4187953	-9.154898	-3.5959442
3.1498685	-12.126196	-14.222378
6.0898647	14.863294	-4.787167
1.8633125	-15.450793	-0.5362686
-3.0742662	-19.403576	-3.4324028
9.875656	15.147447	-0.44754562
-4.8640585	-2.19443	-8.622365
3.9375455	3.5824714	23.136642
-1.3299007	-16.380932	-0.15847759
-6.8117065	5.4354553	16.481113
8.867068	6.563683	-2.9471552
14.947662	5.51973	-2.3831713
2.6164203	-7.5552664	15.011331
-8.886789	4.166461	-2.295135
-1.4901125	12.833879	8.109032
5.371097	-7.497725	-1.040361
-6.1723666	4.2721443	-12.93581
-1.6112711	13.517314	8.427507
-16.42439	-4.553053	0.7698623
-14.680694	-3.9045436	-0.03889622
11.519371	9.570743	-6.9116254
-12.923377	0.053200483	8.721558
-10.044181	8.910899	-1.5434976
12.111643	5.5027676	-10.943709
-1.2950726	-17.166822	-3.2849782
-5.7703176	-19.492132	-6.2166944
-0.287527	-1.3333716	-5.440759
3.9455187	-0.13028564	-14.518363
-0.26750144	1.9692541	7.0471244
-1.8804731	5.785254	20.491781
-1.2203015	11.309625	6.56042
0.5982646	-17.16279	-1.0815232
2.48496	-13.487651	-5.8692155
8.623108	-3.029023	3.7322195
2.6717029	-9.359701	-14.007037
3.6210296	11.832606	-1.6322731
-10.557177	2.695971	9.110808
1.2893579	-2.7908764	-14.272362
-2.2043262	-15.724549	-0.435022
4.9688325	-8.121443	-7.7194076
-2.568807	1.8587999	12.272716
11.2877035	4.943132	-9.042266
-14.151382	1.8655751	11.471938
-4.8530636	8.413719	18.971504
1.3203355	-12.255296	1.0317911
-15.770076	2.788349	11.860571
-16.08449	3.6438076	7.6207805
5.3534274	-4.266773	-10.636508
-1.5693587	-16.246288	-3.9146438
6.099157	-13.204691	-2.083754
-0.248406	-1.4100772	-2.288314
1.3305374	-5.563329	-15.831056
9.083326	12.315544	-6.6669407
-15.016399	-5.060097	3.0148408
-17.569405	-3.0517864	4.858942
-5.469876	-18.659851	-2.8902614
-1.694285	-16.447664	-2.3204663
-1.2651138	-4.0570335	12.306633
11.899875	13.264795	-1.2729448
-1.7188256	-20.14365	-4.715101
3.8895104	3.6287627	22.997936
-9.63167	5.9589367	12.139778
-4.857841	1.2419994	1.3139218
-15.244229	2.3406296	8.615597
-5.5746355	-18.31741	-2.8144076
-7.4345775	-9.983079	7.4307466
-12.770094	1.242544	11.951521
12.320761	5.935598	-5.281098
-1.7035414	6.096727	7.1298823
-1.2888047	3.7458496	18.766403
0.9035322	5.2872877	22.169077
-0.95634794	-4.3171115	0.64831495
-1.992958	9.527322	20.67355
-8.882811	4.235989	-2.8410318
-17.825085	-1.3395758	2.7217653
-1.0651513	-2.6115324	-6.534917
9.410197	12.748465	-3.0729122
2.096783	1.2824638	17.618736
4.33548	5.6854377	-0.43985438
-0.110434845	-1.5447066	-2.3437088
3.014426	0.23943254	-14.881899
-15.184554	-1.7689178	3.2783973
9.984922	7.779321	-9.954773
8.188362	5.421105	-4.6039586
8.061941	-1.5495142	4.916907
2.7697587	8.902853	-5.382196
-2.7094333	10.208724	10.137963
5.0380445	12.412606	-2.190542
2.9629633	4.533429	20.165201
-3.123589	2.3709528	-8.688695
-4.7792068	-2.2653625	-8.550086
13.127065	11.733443	-6.0055146
5.5071425	-5.004166	5.405589
-0.943108	-0.07347063	-7.0177794
6.5472255	-3.239992	5.216363
-1.5167805	-16.013714	-4.3443046
8.427184	8.485389	1.7556562
-8.0491085	8.759371	-2.4729145
-2.6870828	-2.6003523	-6.0791974
3.2642667	-3.0164227	17.313658
2.7788978	0.040830176	-8.956511
5.7513323	-15.210526	-8.46275
-0.16922323	13.584285	5.8045387
-14.677829	4.294306	9.327849
-1.5066968	12.985104	6.6507063
2.750842	12.722843	-1.7354718
-11.607608	2.269502	8.104035
5.2878313	2.2862582	-13.933968
-5.0889854	12.374803	2.7618482
4.541949	2.3175502	3.7388809
5.319123	-14.695628	-9.035859
0.73919326	-1.8097124	17.914679
-5.854305	5.0450997	-14.200663
-5.6024747	-10.007513	9.032211
-1.7551826	2.7370229	9.719753
4.861275	-14.992758	-7.15871
2.6732244	0.5359723	-14.711368
4.5360155	3.6796725	20.310934
-0.72950226	12.614482	5.0826507
4.2656054	-0.98959786	3.175872
-0.44778445	11.945052	9.085216
2.1816494	-16.80113	-2.813731
-6.928965	-5.2930326	9.752258
11.91522	12.690544	-5.986779
0.46904665	-4.9555855	1.1542864
-1.4220074	10.769023	6.1995597
4.4425	-5.0912027	-14.731204
-17.154007	-1.2611567	2.0992956
-2.767829	-15.353706	-0.7590027
-17.020987	-2.8037162	1.1915051
3.8032758	-3.6632936	2.617666
12.002134	13.186482	-1.1489437
3.704373	-9.283495	-15.805719
-3.6368477	-18.154884	-4.011941
-6.881504	7.8582234	-0.816916
8.575198	6.4609957	-2.6636193
-12.327801	-0.47634158	5.1784863
-5.8085794	4.391358	-14.193142
7.214384	3.1930597	-11.530519
8.279972	14.9313	-2.0136256
12.623983	13.223105	-1.318557
8.386604	9.495864	-2.7779803
5.1592727	11.06361	-0.15746188
1.5453844	-7.1575456	-15.297662
2.5527573	-12.435004	-13.762273
5.5526457	-2.9327319	-4.645404
0.678134	-15.614203	-0.555551
-16.09291	3.9117281	8.254546
-10.777312	-5.390852	5.6153154
-15.471621	-4.201055	1.4025398
9.403563	2.7126725	-6.9987445
7.20281	15.380293	-7.82336
-5.2539644	9.1378975	4.6334047
-17.634832	-4.253097	-0.014729798
0.14017251	-5.0199413	-14.842543
-1.4790949	-17.22506	-3.7475424
14.170038	13.047974	-3.7975628
3.925484	-10.133494	-0.6642917
-14.361675	1.497183	10.99735
6.084965	-11.882217	-1.1864381
-4.7957172	-17.163145	-4.429051
-0.38129997	-5.9403925	14.077506
-4.517432	-14.491688	-0.25667247
-8.580303	4.1109824	-2.229419
3.7738183	1.093522	-14.37297
11.351443	12.839605	-7.7550583
-7.673327	-19.927275	-4.7054033
-1.5416659	-18.31758	-1.2941266
-9.182342	0.21314429	12.401482
11.853717	8.850468	-6.377455
-6.4617424	-19.194902	-9.922185
3.2661483	-9.939091	-1.4892639
-3.5303621	0.3697527	-10.494758
5.2272415	-3.431882	-9.890655
7.8172984	13.325793	-9.209841
-9.103801	-0.13335444	12.711318
-2.0755994	-15.248756	-1.3357518
3.667115	-2.894141	-0.31115413
-0.42727453	14.0267	3.550824
10.536014	14.475247	-3.3772962
-11.899657	5.2574587	15.282637
11.109559	5.961178	-8.92248
-7.5620427	-8.063679	9.7109
5.2008038	-10.521905	-14.127097
6.356969	-1.3353523	-13.634638
0.40276673	-5.617172	-15.081931
2.872858	1.1751415	20.777168
3.9633253	1.2403227	21.681501
5.99279	-4.4584365	-2.7668629
3.8012009	-7.9838877	5.1036677
-11.384163	0.620725	11.942928
-7.2272506	6.375186	16.075172
10.19761	2.667265	-8.165969
-5.9276347	-19.358118	-6.077648
3.9412937	-12.706912	-9.863632
-8.119551	3.417845	14.993548
-9.743489	-16.142601	-5.1372576
-3.8253117	-2.5450828	-3.8022
-3.4601586	-20.574991	-6.284618
-6.800406	5.691792	0.59175795
-4.121527	-18.361494	-6.9406524
-16.856607	-1.5124134	3.611279
-0.82537115	14.299208	5.0691576
-10.154968	-6.137592	6.3106227
5.952034	-12.444026	-1.9496387
5.7802334	13.792009	-6.9432116
-1.9965338	-18.087334	-4.722884
8.9298935	7.2629485	-7.8568835
1.6739879	15.040657	-2.7110903
-13.939998	0.63564205	4.3984594
-1.7516408	8.043675	21.050253
8.441919	9.615644	-2.4022377
9.020532	5.4502177	-6.129738
11.247597	6.3090506	-10.150158
-4.4295173	-18.315132	-8.207235
8.400209	-3.1863642	0.5867111
-14.963399	-2.0973983	2.5486398
2.704388	-7.374	-7.6951013
-10.707918	-7.5760307	8.556374
6.7815027	12.380533	-6.6676307
-2.4198396	8.0217495	21.15268
-3.0064025	6.2796063	-12.768708
9.051665	8.977374	-4.6981196
-9.839814	-3.8541448	6.5644145
-5.9406343	-5.3948226	11.753559
-8.587084	0.23879406	10.228529
-0.769016	0.7530567	16.283909
-5.1590977	0.3544926	-7.184477
-14.451514	0.37985295	7.8984714
6.7931867	13.235743	-5.606602
-11.674469	0.2246331	10.784888
-8.712025	-6.8800097	9.651425
-1.2907125	8.019941	10.182447
-2.3321443	-13.442064	-0.7656921
1.859039	-10.920749	-12.1070385
-2.8165872	0.10395803	-10.863857
2.3156195	5.924894	22.738348
-15.691732	-1.9363924	-0.1098011
1.390432	-8.423367	-0.4593845
4.947695	-6.8464503	-12.303949
4.6839957	-7.2796974	15.630505
-8.486522	-20.164604	-5.7531395
3.480639	12.944413	-2.2706163
-1.6677556	-20.061348	-8.089133
1.8837037	1.5528655	21.708666
5.497762	-14.890344	-7.601297
8.338877	2.1715264	-1.8193035
6.081361	14.488053	-6.4227667
-12.110836	-0.4603938	7.437648
-1.4839935	11.215782	9.34743
10.79267	3.5051422	-1.1352141
3.1443622	0.21475683	-14.838272
7.2006927	-0.6664652	-11.075867
-6.4085813	6.4619265	0.92750126
6.524704	-0.59359413	-16.148949
12.571993	12.322902	-5.376284
4.776503	-11.960185	-1.561068
13.903658	5.678162	-3.1729796
-15.049678	2.215945	10.798774
-15.035189	-5.1075177	2.8181417
8.9543	4.8012905	-13.769049
2.8808076	-5.595605	14.758712
4.109848	-10.623553	-8.770022
-1.2536899	-14.875411	0.18084952
-6.98193	10.5155	0.34709886
-4.816967	7.330485	17.831612
5.19505	-4.782789	4.683078
-11.973143	1.8789495	13.419515
14.270363	13.229749	-4.9734683
7.9400325	8.8714905	-12.301707
3.8515885	-7.8103704	1.5088756
-1.308402	1.3113805	13.462964
-7.5144453	5.452809	15.732837
3.0120947	-3.5049198	15.506466
14.113957	10.220563	-0.83274496
-0.55078536	-13.853447	0.8546637
5.312384	-6.534144	16.54061
4.0219774	-5.3035216	-3.7751524
-9.405483	5.7626367	-2.4360747
14.37041	12.653043	-1.3962023
-2.2834637	2.1863616	-13.163113
-3.0479364	0.49913767	-14.030584
-0.3289563	0.3737987	14.468633
6.643924	10.28251	-0.8567432
10.930224	5.441004	0.9308716
2.37899	-2.5119479	15.2798605
-1.4804423	7.424096	10.220101
-0.038733374	-5.6285796	-14.937945
2.4283035	-3.296145	16.207615
4.159859	-6.0555134	2.7405453
-3.465796	0.6346452	-14.418757
-5.0334716	-5.8430514	9.582915
-1.5321718	-20.8617	-7.13079
2.0606081	-8.8051	-11.651862
6.7432547	-3.2382123	-0.4091039
-7.027083	-16.603264	-4.53142
-6.8005266	3.2457793	-0.38877696
-15.507417	4.9309726	9.468369
5.431838	-2.3424077	0.60379595
1.7652329	-6.210246	2.4989486
8.528459	4.122394	-9.52699
-7.255987	5.2126784	16.954985
5.340534	-4.27132	-10.834943
-0.47585735	1.3457663	-13.339407
4.9047894	-0.6902078	4.59096
-0.74072194	-3.1675742	-7.8665285
-7.3666334	2.8582613	15.994102
-8.028277	3.8555224	-1.7816043
9.251986	12.704011	-9.502403
-12.045116	3.6526873	11.093592
5.0763116	-7.2255616	5.4688234
3.5547378	-7.7252026	4.4524903
-8.493473	-18.770006	-7.5322957
4.2249503	-2.8478749	-14.974283
14.884006	6.076002	-4.152053
4.527104	-9.373667	-5.9471188
1.026618	7.454759	20.786963
3.6105125	-3.8333628	2.6469822
11.522579	9.726221	-6.191059
-1.4038476	12.2244625	4.893426
10.212468	14.775795	-3.5742426
2.539587	4.108416	20.684084
-10.630945	-4.2441444	8.367037
-13.981621	0.3143789	4.2504473
7.1235137	3.180912	-1.9411492
-7.06766	0.101404816	10.702297
11.89643	8.860485	-6.51448
-5.023376	5.9546027	-13.716954
2.3841534	15.091604	-2.2566545
-16.786179	-1.6136341	5.1921635
-0.73587376	-4.5209303	1.09482
-2.7999246	2.159916	14.67257
-12.770482	-3.3946207	2.6612396
-4.906888	6.3435817	-13.480241
-8.997746	-1.7807543	11.453161
-11.806499	-4.2577314	8.161794
-4.7565327	0.49585038	-9.372281
-12.904445	5.0191493	13.02599
-7.660776	-5.9599752	6.362136
-2.2126656	5.406062	-10.449579
-4.1892924	4.1645374	-12.715426
2.5234194	-4.557051	-3.8612068
-15.019893	2.7213604	10.299371
11.423568	8.928931	-0.03147478
12.265022	6.198118	-2.7003314
3.1121526	-7.6392817	4.131986
9.166272	5.223355	0.5677582
-11.995191	-5.2157955	4.848963
-4.301073	-17.058407	-9.033366
1.396493	14.1653	-0.7036209
-14.509674	0.8151138	9.46364
-3.699622	-0.7557081	-9.787418
2.7281451	-0.91572785	-15.12857
1.0676335	-3.5094638	-0.93963736
9.551138	7.512134	-3.0693429
8.916915	-1.8709334	3.7127378
-6.882636	-16.505733	-5.1233172
-15.105371	2.0813076	9.255683
-1.5913756	4.3129926	19.436234
-11.879228	2.823309	13.147154
5.3366747	-0.6572013	20.360455
-7.711581	-19.023918	-7.984634
-15.085736	2.873757	6.0023246
-5.9568644	12.792016	1.917877
-7.5014796	8.76649	-2.978632
-9.661394	9.206306	-1.7107219
11.04727	2.4468942	-10.692583
0.100261346	-5.369005	1.7245371
3.151369	-16.073107	-5.565231
-6.9208536	-16.998032	-2.091102
-11.178269	-4.300508	8.294768
10.3022375	-2.698117	2.1350493
-1.6803808	-0.90744716	2.039508
-8.229605	-9.328819	7.402444
-1.4459536	-2.115222	-3.0767062
5.508129	-2.9218798	-10.667219
-7.5859685	-9.669704	5.4375954
-10.702021	-8.338244	6.7473793
-7.0700054	-18.427681	-2.4930108
-13.3654175	0.43516347	5.995419
-2.7762585	-13.129133	-1.3050239
3.99087	0.8794732	21.259918
6.8480606	-4.233834	5.1811204
-1.9152932	3.0293772	17.517988
4.371549	-7.7937064	-12.014133
0.386972	-4.3791065	-6.547497
-2.2781744	5.4774146	19.777506
-3.8641083	4.568858	-12.35776
-14.190212	0.36347377	7.846365
-7.027509	2.9950354	16.14979
-3.4559648	-6.2278447	12.80563
-6.5821953	-19.25372	-9.847295
2.5901008	-6.844156	-12.933526
-0.2125541	-3.305277	14.402851
8.238134	1.2684048	-3.1049373
-7.694357	6.2516327	15.279587
9.641691	8.816904	-10.475364
-1.6812288	6.5086894	-9.054123
-8.1892	5.655381	16.285711
1.1911099	14.320785	-0.479268
7.7659507	10.299762	-8.414888
-18.36316	0.62506706	3.2280061
-1.1936171	-2.3943586	-3.1916063
10.398376	2.5341532	-7.9617367
3.7873797	-10.738158	-1.8767334
-6.904072	-16.926857	-3.3605165
2.9154491	-2.05844	18.155455
11.685266	14.129041	-4.5802298
7.6833744	9.719334	0.14327481
-13.150542	-4.442451	5.5538845
-8.055985	4.076168	14.200927
0.334772	-10.197975	-5.82259
-8.797916	-19.665688	-4.9866753
7.5243998	-1.0698217	-3.568152
3.4412925	4.1416583	21.20762
-1.1911502	2.6854565	9.719446
-13.680631	0.76478744	2.9531815
-0.15657714	12.774085	1.8540218
11.888439	16.121449	-2.9488509
-2.0502954	3.5933015	-8.536941
-2.1867518	9.445921	20.484282
8.98044	0.21327451	-2.241906
4.8045173	6.129	0.87829524
5.6892033	3.3296123	0.44782344
7.1151776	6.438251	-1.1772909
4.9313064	6.255336	-3.8263423
-5.0054064	-6.4583406	11.89654
2.2748199	-9.932783	-4.591418
-2.4937274	-1.7007293	-12.258175
7.7666845	-1.621474	4.8582644
10.151378	0.8238086	-2.0333517
-1.92027	-0.8564106	12.694341
-3.6274118	5.133991	-12.264286
-16.282818	-2.63104	4.4846783
5.9639406	1.6881864	21.661129
3.9671087	-8.462538	-7.1585484
6.609783	-0.13812596	2.5261512
4.8212595	-7.4361057	15.610961
2.6621811	-11.808359	-14.641872
4.3517127	-10.150926	-6.9329753
-2.480278	5.879304	-10.023916
8.808559	9.875882	-2.8683
7.835016	-2.8618035	2.5966642
4.8969193	11.742222	-1.9710616
-1.8706721	0.76458204	11.462759
-8.730531	8.800415	-0.19383998
-1.7215347	-1.6900799	-4.380202
-7.976091	3.7641182	-2.1464803
-9.131171	-15.449707	-8.02356
6.417651	-4.1283193	2.175585
2.6795764	3.3636649	22.996397
9.448134	3.4576557	-11.248934
-0.1531059	13.031445	2.1125178
2.0857704	-1.2445643	2.457293
-9.049445	8.494799	-0.017569765
-5.040832	-19.646614	-7.311691
-7.16823	1.4550604	15.26963
6.4774055	3.5946414	-2.5496528
8.639714	9.505277	-4.777251
6.985248	12.436553	-10.211204
-4.536905	-14.176812	0.01525391
4.379197	-8.008736	5.229378
-9.412868	8.996465	-0.5241537
-0.011645756	-14.632959	0.14314677
2.286997	-7.2390857	-6.7379827
-5.3227615	-16.17286	-7.916307
0.690969	14.703852	-2.8947515
-1.9126384	-17.982594	-4.4491863
1.32971	-4.624245	-0.8393651
-1.5925045	3.3691308	-8.569765
-5.9191227	2.6528032	0.5409843
11.710778	10.705137	-9.968512
-3.1502254	7.9566727	8.696219
5.096511	-10.409751	-13.892358
3.731044	-0.63689834	18.730883
-3.5456479	-18.29202	-1.1931046
-17.61588	-1.5944241	1.3980693
5.643661	-15.28253	-8.442003
-2.19823	6.9242954	9.111427
-4.346216	0.39375377	-11.04653
-7.939407	-9.077958	6.2057505
-0.3784245	14.290231	3.958868
8.249704	14.256095	-7.1390553
-7.4768295	-20.027042	-4.9513984
5.106151	11.304987	0.051176198
2.136429	-0.5816192	18.836918
-5.7019134	-17.926542	-1.8852298
4.135035	-12.879638	-12.2512455
1.8025335	-6.927678	14.927747
-2.398235	7.26803	10.912021
